Date,Location,loc_temp,Taxon,Sample_ID,Body_Length_cm,Weight_g,Size_cat,Time_sec,Distance_cm,Acclim_temp,test,Temp,end_time_s,Notes,
12-Jun-25,Nuuk,21.3,wolf_spider,WS1-N12,0.4,0.0079,,4.3,25,NA,Ctmax,43,,,
12-Jun-25,Nuuk,21.6,wolf_spider,WS2-N12,0.5,0.0124,,6.61,25,NA,Ctmax,42,,,
12-Jun-25,Nuuk,21.1,wolf_spider,WS3-N12,0.1,0.0065,,3,25,NA,Ctmax,41,,,
12-Jun-25,Nuuk,20.8,wolf_spider,WS4-N12,0.6,0.0203,,7.47,25,NA,Ctmax,40,,,
12-Jun-25,Nuuk,21.1,wolf_spider,WS5-N12,0.8,,,3,25,NA,Ctmax,42,,,
12-Jun-25,Nuuk,21.2,wolf_spider,WS6-N12,,,,2.63,25,NA,HKDT,43.5,748,,
12-Jun-25,Nuuk,21.1,wolf_spider,WS7-N12,0.6,0.0176,,2.04,25,NA,HKDT,43.5,796,,
12-Jun-25,Nuuk,21.3,wolf_spider,WS8-N12,0.9,0.0944,,11.12,25,NA,HKDT,43.5,167,,
12-Jun-25,Nuuk,21.4,wolf_spider,WS9-N12,0.5,0.0589,,NA,0,NA,HKDT,43.5,775,,
12-Jun-25,Nuuk,21.2,wolf_spider,WS10-N12,0.4,0.0134,,4.3,25,NA,HKDT,43.5,65,,
12-Jun-25,Nuuk,21.3,wolf_spider,WS11-N12,0.4,0.0203,,4.65,25,NA,HKDT,43.5,170,,
12-Jun-25,Nuuk,21.4,wolf_spider,WS12-N12,0.3,0.0183,,4.26,25,NA,HKDT,43.5,315,,
12-Jun-25,Nuuk,21.4,wolf_spider,WS13-N12,0.1,0.0039,,14.85,14,NA,HKDT,43.5,50,,
12-Jun-25,Nuuk,21.3,wolf_spider,WS14-N12,0.3,0.0156,,5.9,25,NA,HKDT,43.5,50,,
12-Jun-25,Nuuk,21.6,wolf_spider,WS15-N12,0.3,0.0031,,NA,0,NA,HKDT,43.5,15,fail,
12-Jun-25,Nuuk,21.2,wolf_spider,WS16-N12,0.4,0.0213,,4,25,NA,HKDT,43.5,165,,
12-Jun-25,Nuuk,21.2,wolf_spider,WS17-N12,0.2,0.0107,,2.24,13,NA,HKDT,43.5,26,,
12-Jun-25,Nuuk,21.2,wolf_spider,WS18-N12,0.4,0.0203,,4.1,25,NA,HKDT,43.5,115,notes say > 5min,
13-Jun-25,Nuuk,22.8,weevil,BT1-N13,0.04,0.0406,,6.93,4,,CCRT,,,,
13-Jun-25,Nuuk,22.8,weevil,BT2-N13,0.04,0.0374,,84,25,,CCRT,,,,
13-Jun-25,Nuuk,22.8,weevil,BT3-N13,0.07,0.0527,,19.48,25,,CCRT,,,,
13-Jun-25,Nuuk,22.8,weevil,BT4-N13,0.075,0.0495,,20.03,10,,CCRT,,,,
13-Jun-25,Nuuk,22.8,weevil,BT5-N13,0.06,0.0373,,28.58,16,,CCRT,,,,
13-Jun-25,Nuuk,22.8,weevil,BT6-N13,0.08,0.0418,,31.85,20,,CCRT,,,,
13-Jun-25,Nuuk,22.8,weevil,BT7-N13,,0.0479,,7.99,3,,CCRT,,,,
13-Jun-25,Nuuk,22.8,weevil,BT8-N13,,0.0458,,28.35,24,,CCRT,,,,
13-Jun-25,Nuuk,22.8,weevil,BT9-N13,,0.0402,,24.72,13,,CCRT,,,,
13-Jun-25,Nuuk,22.8,weevil,BT10-N13,,0.0496,,40.09,25,,CCRT,,,,
13-Jun-25,Nuuk,22.8,weevil,BT11-N13,,0.0465,,4.06,4,,CCRT,,,,
13-Jun-25,Nuuk,22.8,weevil,BT12-N13,,0.0452,,22.71,25,,CCRT,,,,
13-Jun-25,Nuuk,10,weevil,BT14-N13,0.07,0.0427,,76,23,,CCRT,0.6,85,,
13-Jun-25,Nuuk,11.7,weevil,BT15-N13,0.07,0.0499,,107,24,,CCRT,0.6,198,,
13-Jun-25,Nuuk,11.9,weevil,BT16-N13,0.065,0.0374,,55,14,,CCRT,0.6,191,,
13-Jun-25,Nuuk,12.8,weevil,BT17-N13,0.07,0.048,,21,6,,CCRT,0.6,30,,
13-Jun-25,Nuuk,13.8,weevil,BT18-N13,0.07,0.0406,,54,14,,CCRT,0.6,76,,
13-Jun-25,Nuuk,10.8,weevil,BT19-N13,0.075,0.0449,,43,10.5,,CCRT,0.6,96,,
13-Jun-25,Nuuk,10.7,weevil,BT20-N13,0.08,0.0445,,NA,0,,CCRT,0.6,119,fail,
13-Jun-25,Nuuk,10.7,weevil,BT21-N13,0.08,0.463,,40,8,,CCRT,0.6,245,,
13-Jun-25,Nuuk,10.7,weevil,BT22-N13,0.06,0.0387,,57,14.7,,CCRT,0.6,101,,
13-Jun-25,Nuuk,37,weevil,BT23-N13,0.07,0.0365,,24.94,14,,CCRT,0.6,>3600,,
13-Jun-25,Nuuk,35.9,weevil,BT24-N13,0.075,0.0426,,24.65,13.5,,CCRT,0.6,209,,
13-Jun-25,Nuuk,32.6,weevil,BT25-N13,0.07,0.0455,,19.56,11,,CCRT,0.6,275,,
13-Jun-25,Nuuk,34.1,weevil,BT26-N13,0.065,0.0444,,23.76,12,,CCRT,0.6,94,,
13-Jun-25,Nuuk,34.1,weevil,BT27-N13,0.065,0.0365,,25.37,25,,CCRT,0.6,91,,
13-Jun-25,Nuuk,21.9,muscids,F1-N13,,,,10,25,,CCRT,-23,,"all did not recover, failed test",
13-Jun-25,Nuuk,21.9,muscids,F2-N13,,0.0133,,NA,0,,CCRT,-23,,fail,
13-Jun-25,Nuuk,21.9,muscids,F4-N13,,0.0103,,8.91,25,,CCRT,-23,,,
13-Jun-25,Nuuk,21.9,muscids,F5-N13,,0.0091,,13.54,25,,CCRT,-23,,,
13-Jun-25,Nuuk,21.9,muscids,F6-N13,,0.0149,,13.73,25,,CCRT,-23,,,
13-Jun-25,Nuuk,21.9,muscids,F7-N13,,0.0124,,3.87,5,,CCRT,-23,,,
13-Jun-25,Nuuk,21.9,muscids,F8-N13,,0.0158,,14.26,12,,CCRT,-23,,,
13-Jun-25,Nuuk,21.9,muscids,F9-N13,,0.0072,,NA,0,,CCRT,-23,,fail,
13-Jun-25,Nuuk,21.9,muscids,F10-N13,,0.0063,,NA,0,,CCRT,-23,,fail,
13-Jun-25,Nuuk,21.9,muscids,F11-N13,,0.0099,,13.97,3,,CCRT,-23,,,
13-Jun-25,Nuuk,21.9,muscids,F12-N13,,0.0086,,10.22,24,,CCRT,-23,,,
13-Jun-25,Nuuk,21.9,muscids,F13-N13,,0.008,,11.91,25,,CCRT,-23,,,
13-Jun-25,Nuuk,11.8,muscids,M9-N13,0.5,0.0061,,22.04,13,,HKDT,38,2330,,
13-Jun-25,Nuuk,11.9,muscids,M10-N13,0.4,0.0036,,11.75,2,,HKDT,38,3282,,
13-Jun-25,Nuuk,11.6,muscids,M11-N13,0.45,0.0035,,31.46,25,,HKDT,38,3089,,
13-Jun-25,Nuuk,11.2,muscids,M12-N13,0.4,0.0026,,12.7,4,,,,,,
13-Jun-25,Nuuk,11.1,muscids,M13-N13,0.55,0.0083,,29.04,15,,,,,,
13-Jun-25,Nuuk,11.7,muscids,M14-N13,0.5,0.0074,,NA,0,,,,,fail,
13-Jun-25,Nuuk,11,muscids,M15-N13,0.5,0.0052,,37.74,13,,,,,,
13-Jun-25,Nuuk,10.9,muscids,M16-N13,0.45,0.005,,NA,0,,,,,fail,
15-Jun-25,Nuuk,27.5,muscids,U2-N15,,0.0016,,NA,NA,,,,,potential escapee,
16-Jun-25,Nuuk,28.5,muscids,U4-N15,,0.0013,,19.07,8,,,,,,
17-Jun-25,Kobbefjord,14.6,wolf_spider,1A-K17,,,,2.46,25,,CCRT,0.8,0.34,,
17-Jun-25,Kobbefjord,14.6,wolf_spider,2A-K17,,,,4.59,25,,CCRT,0.8,62,,
17-Jun-25,Kobbefjord,14.7,wolf_spider,3A-K17,,,,7.81,25,,CCRT,0.8,69,,
17-Jun-25,Kobbefjord,14.8,wolf_spider,4A-K17,,,,2.7,5,,CCRT,0.8,66,,
17-Jun-25,Kobbefjord,14.9,wolf_spider,5A-K17,,,,1,25,,CCRT,0.8,0.5,,
17-Jun-25,Kobbefjord,3.8,wolf_spider,1B-K17,,,,13.88,25,,CCRT,0.8,0.55,,
17-Jun-25,Kobbefjord,3.7,wolf_spider,2B-K17,,,,5.89,25,,CCRT,0.8,NA,dead,
17-Jun-25,Kobbefjord,3.7,wolf_spider,3B-K17,,,,13.28,25,,CCRT,0.8,0.46,,
17-Jun-25,Kobbefjord,3.8,wolf_spider,4B-K17,,,,10.29,25,,CCRT,0.8,220,,
17-Jun-25,Kobbefjord,3,wolf_spider,5B-K17,,,,30.92,25,,CCRT,0.8,0.59,,
17-Jun-25,Kobbefjord,29.9,wolf_spider,1C-K17,,,,61,25,,,,,,
17-Jun-25,Kobbefjord,32,wolf_spider,2C-K17,,,,19.37,25,,,,,,
17-Jun-25,Kobbefjord,31,wolf_spider,3C-K17,,,,7.47,25,,,,,,
17-Jun-25,Kobbefjord,31,wolf_spider,4C-K17,,,,28.9,8,,,,,,
17-Jun-25,Kobbefjord,32,wolf_spider,5C-K17,,,,10.33,14,,,,,,
17-Jun-25,Kobbefjord,39,wolf_spider,1D-K17,,,,7.12,25,,,,,,
17-Jun-25,Kobbefjord,39,wolf_spider,2D-K17,,,,9.37,25,,,,,,
17-Jun-25,Kobbefjord,42,wolf_spider,3D-K17,,,,NA,0,,,,,fail,
17-Jun-25,Kobbefjord,42,wolf_spider,4D-K17,,,,2.44,25,,,,,questionable start temp,
17-Jun-25,Kobbefjord,40.4,wolf_spider,5D-K17,,,,2.37,4,,,,,,
17-Jun-25,Kobbefjord,37.9,wolf_spider,6D-K17,,,,2.89,25,,,,,questionable start temp,
17-Jun-25,Kobbefjord,39.9,weevil,W1A-K17,,,,32.6,8,,,,,,
17-Jun-25,Kobbefjord,38,weevil,W2A-K17,,,,15.93,3,,,,,,
17-Jun-25,Kobbefjord,38.4,weevil,W3A-K17,,,,NA,0,,,,,,
17-Jun-25,Kobbefjord,38,weevil,W4A-K17,,,,34.52,15,,,,,,
17-Jun-25,Kobbefjord,38.1,weevil,W5A-K17,,,,29.09,17,,,,,,
17-Jun-25,Kobbefjord,40.2,weevil,W6A-K17,,,,13.13,2,,,,,,
17-Jun-25,Kobbefjord,38,weevil,W7A-K17,,,,3.66,3,,,,,,
17-Jun-25,Kobbefjord,38,weevil,W8A-K17,,,,17.86,2,,,,,,
17-Jun-25,Kobbefjord,39.3,weevil,W9A-K17,,,,36.63,25,,,,,,
17-Jun-25,Kobbefjord,40,weevil,W10A-K17,,,,NA,0,,,,,,
17-Jun-25,Nuuk,29.5,muscids,U5-N15,,0.0044,,25.81,25,,,,,,
18-Jun-25,Kobbefjord,3.4,weevil,W1-K18,,,,54.11,2,,,,,,
18-Jun-25,Kobbefjord,3.5,weevil,W2-K18,,,,58,25,,,,,,
18-Jun-25,Kobbefjord,3.6,weevil,W4-K18,,,,108,13,,,,,,
18-Jun-25,Kobbefjord,2.7,weevil,W5-K18,,,,83,4,,,,,,
18-Jun-25,Kobbefjord,3.8,weevil,W6-K18,,,,257,25,,,,,,
18-Jun-25,Kobbefjord,3.9,weevil,W7-K18,,,,NA,0,,,,,,
18-Jun-25,Kobbefjord,3.8,weevil,W8-K18,,,,99,4,,,,,,
18-Jun-25,Kobbefjord,0.9,muscids,M3-K18,,,,36.69,24,,CCRT,0.26,,,
18-Jun-25,Kobbefjord,0.6,muscids,M1-K18,,,,20.73,20,,CCRT,0.12,,,
18-Jun-25,Kobbefjord,0.7,muscids,M2-K18,,,,13.9,3,,CCRT,0.22,,,
18-Jun-25,Kobbefjord,0.9,muscids,M5-K18,,,,6.94,2,,CCRT,0.32,,,
18-Jun-25,Kobbefjord,4,muscids,M6-K18,,,,3.5,2,,CCRT,0.34,,,
18-Jun-25,Kobbefjord,5.9,muscids,M7-K18,,,,NA,0,,CCRT,0.38,,fail,
18-Jun-25,Kobbefjord,6.8,muscids,M8-K18,,,,NA,0,,CCRT,0.42,,fail,
18-Jun-25,Kobbefjord,2.3,muscids,M9-K18,,,,NA,0,,CCRT,0.45,,fail,
18-Jun-25,Kobbefjord,2.6,muscids,M10-K18,,,,NA,0,,CCRT,0.49,,fail,
12-Jun-25,Kobbefjord,15,lady_bird,C1-N12,0.04,0.0187,,13.29,3,NA,HKDT,,,,
12-Jun-25,Kobbefjord,13.8,lady_bird,C2-N12,0.04,0.0146,,15.32,7,,,,,,
12-Jun-25,Kobbefjord,13.4,lady_bird,C5-N12,0.04,0.0257,,19.68,13,,,,,,
12-Jun-25,Kobbefjord,15.1,lady_bird,C4-N12,0.03,0.0144,,NA,0,,,,,,
12-Jun-25,Kobbefjord,14.6,lady_bird,C3-N12,0.03,,,20.3,13,,,,,,
12-Jun-25,Kobbefjord,11.1,syrphids,M7-N12,0.65,0.0085,,NA,0,,HKDT,38,269,fail,
12-Jun-25,Kobbefjord,11.6,syrphids,M8-N12,0.6,0.0046,,16.77,3.5,,HKDT,38,1305,,
12-Jun-25,Kobbefjord,27.5,syrphids,S1-N12,,,,NA,0,,HKDT,,360,,
12-Jun-25,Kobbefjord,27.9,syrphids,S3-N12,,,,NA,0,,HKDT,,,,
12-Jun-25,Kobbefjord,27.7,syrphids,U6-N12,,,,NA,0,,HKDT,,,,
19-Jun-25,Kobbefjord,1.7,wolf_spider,K19-WS1,,0.0466,L,30.65,25,,HKDT,,,,
19-Jun-25,Kobbefjord,1.1,wolf_spider,K19-WS2,,0.0532,L,47.34,23,,,,,acclimated at cold,
19-Jun-25,Kobbefjord,1.1,wolf_spider,K19-WS3,,0.0393,L,41.11,22,,,,,acclimated at cold,
19-Jun-25,Kobbefjord,1.1,wolf_spider,K19-WS4,,0.0119,S,17.93,3,,,,,acclimated at cold,
19-Jun-25,Kobbefjord,1.5,wolf_spider,K19-WS5,,0.0965,L,31.54,6,,,,,acclimated at cold,
19-Jun-25,Kobbefjord,7.8,wolf_spider,K19-WS6,,0.0088,S,12.65,25,,,,,acclimated at cold,
19-Jun-25,Kobbefjord,7.6,wolf_spider,K19-WS7,,0.063,L,15.51,25,,,,,acclimated at cold,
19-Jun-25,Kobbefjord,7.7,wolf_spider,K19-WS8,,0.0437,L,7.92,25,,,,,acclimated at cold,
19-Jun-25,Kobbefjord,7.8,wolf_spider,K19-WS9,,0.0088,S,12.3,4,,,,,acclimated at cold,
19-Jun-25,Kobbefjord,7.5,wolf_spider,K19-WS10,,0.0786,L,8.96,17,,,,,acclimated at cold,
19-Jun-25,Kobbefjord,7.6,wolf_spider,K19-WS11,,0.051,L,7.54,25,,,,,acclimated at cold,
19-Jun-25,Kobbefjord,1.1,wolf_spider,K19-WS12,,0.0478,L,15.31,25,,,,,acclimated at cold,
19-Jun-25,Kobbefjord,0.8,wolf_spider,K19-WS13,,,S,7.33,3,,,,,acclimated at cold,
19-Jun-25,Kobbefjord,1.2,wolf_spider,K19-WS14,,0.0048,S,14.1,6,,,,,acclimated at cold,
19-Jun-25,Kobbefjord,7.1,wolf_spider,K19-WS15,,0.0656,L,5.38,25,,,,,acclimated at cold,
19-Jun-25,Kobbefjord,7.4,wolf_spider,K19-WS16,,0.0886,L,7.14,25,,,,,acclimated at cold,
19-Jun-25,Kobbefjord,7.6,wolf_spider,K19-WS17,,0.0469,L,14.18,25,,,,,acclimated at cold,
19-Jun-25,Kobbefjord,7.4,wolf_spider,K19-WS18,,0.0268,S,11,25,,,,,acclimated at cold,
19-Jun-25,Kobbefjord,13.8,wolf_spider,K19-WS19,,0.0096,S,4.29,25,,,,,acclimated at ambient,
19-Jun-25,Kobbefjord,13.9,wolf_spider,K19-WS20,,0.0484,L,7.14,16,,,,,acclimated at ambient,
19-Jun-25,Kobbefjord,13.7,wolf_spider,K19-WS21,,0.0048,L,5.32,25,,,,,acclimated at ambient,
19-Jun-25,Kobbefjord,13.7,wolf_spider,K19-WS22,,0.0083,S,5.71,25,,,,,acclimated at ambient,
19-Jun-25,Kobbefjord,14.2,wolf_spider,K19-WS23,,0.0112,S,5.46,4,,,,,acclimated at ambient,
19-Jun-25,Kobbefjord,13.8,wolf_spider,K19-WS24,,0.053,S,5.6,4,,,,,acclimated at ambient,
19-Jun-25,Kobbefjord,13.9,wolf_spider,K19-WS25,,0.0593,L,8.37,25,,,,,acclimated at ambient,
19-Jun-25,Kobbefjord,13.8,wolf_spider,K19-WS26,,0.04551,L,2.31,25,,,,,acclimated at ambient,
19-Jun-25,Kobbefjord,14.1,wolf_spider,K19-WS27,,0.0566,L,2.51,25,,,,,acclimated at ambient,
19-Jun-25,Kobbefjord,26.8,wolf_spider,K19-WS28,,0.0568,L,3.25,25,,,,,acclimated at ambient,
19-Jun-25,Kobbefjord,26.7,wolf_spider,K19-WS29,,0.0195,S,7.42,11,,,,,acclimated at hot,
19-Jun-25,Kobbefjord,26.8,wolf_spider,K19-WS30,,0.0564,L,2.05,25,,,,,acclimated at hot,
19-Jun-25,Kobbefjord,27.4,wolf_spider,K19-WS31,,0.0431,L,2.3,25,,,,,acclimated at ambient,
19-Jun-25,Kobbefjord,26.9,wolf_spider,K19-WS32,,0.035,L,6.37,25,,,,,acclimated at ambient,
19-Jun-25,Kobbefjord,27.4,wolf_spider,K19-WS33,,0.0512,L,3.75,25,,,,,acclimated at hot,
19-Jun-25,Kobbefjord,28,wolf_spider,K19-WS34,,,L,1.39,25,,,,,acclimated at hot,
19-Jun-25,Kobbefjord,27.8,wolf_spider,K19-WS35,,,L,7.8,25,,,,,acclimated at ambient,
19-Jun-25,Kobbefjord,36.5,wolf_spider,K19-WS36,,,S,2.5,25,,,,,acclimated at hot,
19-Jun-25,Kobbefjord,38,wolf_spider,K19-WS37,,,S,5.48,19,,,,,acclimated at hot,
19-Jun-25,Kobbefjord,37.2,wolf_spider,K19-WS38,,,L,4.07,25,,,,,acclimated at hot,
19-Jun-25,Kobbefjord,37.7,wolf_spider,K19-WS39,,,L,1.13,25,,,,,acclimated at hot,
19-Jun-25,Kobbefjord,38.2,wolf_spider,K19-WS40,,,L,2.5,25,,,,,acclimated at hot,
19-Jun-25,Kobbefjord,37.7,wolf_spider,K19-WS41,,,L,2.51,25,,,,,acclimated at hot,
19-Jun-25,Kobbefjord,45.3,wolf_spider,K19-WS42,,,L,2.64,25,,,,,acclimated at hot,
19-Jun-25,Kobbefjord,45.8,wolf_spider,K19-WS43,,,L,2.12,25,,,,,acclimated at hot,
19-Jun-25,Kobbefjord,46.9,wolf_spider,K19-WS44,,,L,4.35,25,,,,,acclimated at hot,
19-Jun-25,Kobbefjord,48,wolf_spider,K19-WS45,,,L,4.16,25,,,,,acclimated at hot,
19-Jun-25,Kobbefjord,48.3,wolf_spider,K19-WS46,,,L,3.36,25,,,,,acclimated at hot,
18-Jun-25,Kobbefjord,3.6,carabid,K18-C1,,,,24.44,25,,,,,,
18-Jun-25,Kobbefjord,2.7,carabid,K18-C2,,,,16,25,,,,,,
18-Jun-25,Kobbefjord,3.1,carabid,K18-C3,,,,13.59,25,,,,,,
18-Jun-25,Kobbefjord,3.1,carabid,K18-C4,,,,17.78,25,,,,,,
18-Jun-25,Kobbefjord,3.6,carabid,K18-C5,,,,27.8,23,,,,,,
18-Jun-25,Kobbefjord,2.8,carabid,K18-C6,,,,NA,0,,,,,fail,
18-Jun-25,Kobbefjord,3.8,carabid,K18-C7,,,,19.68,25,,,,,,
18-Jun-25,Kobbefjord,3.3,carabid,K18-C8,,,,NA,0,,,,,fail,
28-Jun-25,Zackenberg,13.2,mosquito,Z628-M1,,0.0018,,1.72,6,13,HKDT,37,334,"female, indivs made to fly on a chamber on a glass wall length 32cm",
28-Jun-25,Zackenberg,13.4,mosquito,Z628-M2,,0.0016,,4.4,19,13,HKDT,37,556,,
28-Jun-25,Zackenberg,13.2,mosquito,Z628-M3,,0.0015,,2.75,11,13,HKDT,37,255,,
28-Jun-25,Zackenberg,13.3,mosquito,Z628-M4,,0.0016,,2.5,32,13,HKDT,37,390,,
28-Jun-25,Zackenberg,13.3,mosquito,Z628-M5,,0.0022,,4.52,32,13,HKDT,37,312,,
28-Jun-25,Zackenberg,13.3,mosquito,Z628-M6,,0.0013,,4.27,29,13,HKDT,37,370,,
28-Jun-25,Zackenberg,13.2,mosquito,Z628-M7,,0.0025,,1,22,13,HKDT,38,1345,,
28-Jun-25,Zackenberg,24.8,mosquito,Z628-M8,,,,0.5,4,13,HKDT,35,1035," at 30cm chamber, female","maybe replacement individuals, data might not be good"
28-Jun-25,Zackenberg,24.3,mosquito,Z628-M9,,,,2,4,13,HKDT,35,558,0.0016-wgt of replacement,
28-Jun-25,Zackenberg,24.8,mosquito,Z628-M10,,,,3.81,17,13,HKDT,35,161,"female, .0013",
28-Jun-25,Zackenberg,24.2,mosquito,Z628-M11,,,,0.87,30,13,HKDT,35,156,0.0011,
28-Jun-25,Zackenberg,24.2,mosquito,Z628-M12,,0.0029,,3.29,22,13,HKDT,35,1010,,
28-Jun-25,Zackenberg,24.7,mosquito,Z628-M13,,,,0.5,22,13,HKDT,35,627,0.0017,
28-Jun-25,Zackenberg,24.6,mosquito,Z628-M14,,,,2.83,30,13,HKDT,35,276,0.0018,
28-Jun-25,Zackenberg,NA,mosquito,Z628-M15,,,,NA,NA,,,,,"male, escaped",
28-Jun-25,Zackenberg,34.6,mosquito,Z628-M16,,0.0025,,NA,NA,,,,,escaped,
28-Jun-25,Zackenberg,34.6,mosquito,Z628-M17,,,,NA,0,,,,,"female,fail",
28-Jun-25,Zackenberg,33.1,mosquito,Z628-M18,,0.004,,1.06,30,15.3,,,,female,
28-Jun-25,Zackenberg,33.2,mosquito,Z628-M19,,0.0023,,NA,0,15.3,,,,"female, fail",
28-Jun-25,Zackenberg,34.7,mosquito,Z628-M20,,,,0.9,30,,,,,female,
28-Jun-25,Zackenberg,34.3,mosquito,Z628-M21,,0.0109,,NA,0,,,,,"female, fail",
28-Jun-25,Zackenberg,33.2,mosquito,Z628-M22,,0.0078,,0.5,30,15.3,,,,female,
29-Jun-25,Zackenberg,15.2,muscids,Z629-U16,,,,NA,0,,,,,fail,
29-Jun-25,Zackenberg,15.3,muscids,Z629-U17,,0.0017,,5.44,2,5.7,HKDT,38,120,,
29-Jun-25,Zackenberg,14.9,muscids,Z629-U18,,0.0108,,49.12,7,15.3,HKDT,38,3600,,
29-Jun-25,Zackenberg,15.1,muscids,Z629-U19,,0.0099,,51.45,7,15.3,HKDT,38,3600,,
29-Jun-25,Zackenberg,15.1,muscids,Z629-U20,,0.0075,,8.12,2,5.7,HKDT,38,842,recovered after 1 hr,
29-Jun-25,Zackenberg,14.9,muscids,Z629-U21,,0.0075,,NA,0,5.7,HKDT,38,211,fail,
29-Jun-25,Zackenberg,15,muscids,Z629-U22,,0.0083,,4.8,2,15.3,HKDT,38,3600,,
29-Jun-25,Zackenberg,15.2,muscids,Z629-U26,,0.0077,,6,3,5.7,HKDT,38,270,did not recover after 1 hr,
29-Jun-25,Zackenberg,15.2,muscids,Z629-U27,,0.0226,,14.98,10,15.3,HKDT,38,1440,did not recover after 1 hr,
29-Jun-25,Zackenberg,15.3,muscids,Z629-U28,,0.0253,,24.53,5.5,5.7,HKDT,38,401,recovered after 1 hr,
29-Jun-25,Zackenberg,NA,chironomids,Z629-C1,,,,,,,Ctmax,36.6,,,
29-Jun-25,Zackenberg,NA,chironomids,Z629-C2,,,,,,,Ctmax,35,,,
29-Jun-25,Zackenberg,NA,chironomids,Z629-C3,,,,,,,Ctmax,35,,,
29-Jun-25,Zackenberg,NA,empids,Z629-E23,,,,,,,Ctmax,37,,,
29-Jun-25,Zackenberg,NA,empids,Z629-E24,,,,,,,Ctmax,37.5,,,
29-Jun-25,Zackenberg,NA,empids,Z629-E25,,,,,,,Ctmax,37,,,
29-Jun-25,Zackenberg,NA,craneflies,Z629-D1,,0.0324,,,,,Ctmax,37,,,
29-Jun-25,Zackenberg,NA,craneflies,Z629-D2,,0.0331,,,,,Ctmax,37,,,
29-Jun-25,Zackenberg,NA,craneflies,Z629-D3,,0.0383,,,,,Ctmax,36,,,
29-Jun-25,Zackenberg,NA,craneflies,Z629-D4,,0.0184,,,,,Ctmax,36,,,
30-Jun-25,Zackenberg,15.6,wolf_spider,Z630-S17,,0.0171,,5.57,25,15.7,HKDT,38,>1200,,
30-Jun-25,Zackenberg,15.6,wolf_spider,Z630-S45,,0.0103,,8.26,25,15.7,HKDT,38,>1200,,
30-Jun-25,Zackenberg,15.6,wolf_spider,Z630-S44,,0.0078,,10.1,25,15.7,HKDT,38,>1200,,
30-Jun-25,Zackenberg,15.6,wolf_spider,Z630-S33,,0.0075,,11.06,19,15.7,HKDT,38,>1200,,
30-Jun-25,Zackenberg,15.6,wolf_spider,Z630-S11,,0.0056,,15.1,25,15.7,HKDT,38,>1200,"start and stop, missing a leg",
30-Jun-25,Zackenberg,15.7,wolf_spider,Z630-S25,,0.0112,,3.41,25,15.7,HKDT,38,>1200,,
30-Jun-25,Zackenberg,15.4,wolf_spider,Z630-S28,,0.0117,,NA,0,15.7,HKDT,38,>1200,"fail, weak, leg missing",
30-Jun-25,Zackenberg,15.4,wolf_spider,Z630-S14,,0.0109,,6,25,15.7,HKDT,38,>1200,,
30-Jun-25,Zackenberg,,empids,Z630-E38,,0.0103,,,,5.7,HKDT,37,278,,
30-Jun-25,Zackenberg,,empids,Z630-E32,,0.0065,,,,5.7,HKDT,,140,,
30-Jun-25,Zackenberg,,empids,Z630-E53,,0.0088,,,,5.7,HKDT,,>1200,,
30-Jun-25,Zackenberg,,empids,Z630-E41,,0.0044,,,,5.7,HKDT,,161,,
30-Jun-25,Zackenberg,,empids,Z630-E47,,0.0061,,,,5.7,HKDT,,328,,
30-Jun-25,Zackenberg,,empids,Z630-E43,,0.0059,,,,5.7,HKDT,,292,,
30-Jun-25,Zackenberg,,empids,Z630-E46,,0.0038,,,,5.7,HKDT,,163,,
30-Jun-25,Zackenberg,,empids,Z630-E07,,0.0041,,,,5.7,HKDT,,344,,
30-Jun-25,Zackenberg,,empids,Z630-E40,,0.0047,,,,5.7,HKDT,,293,,
30-Jun-25,Zackenberg,,empids,Z630-E35,,0.0041,,,,5.7,HKDT,,300,,
30-Jun-25,Zackenberg,,empids,Z630-E13,,0.0074,,,,15.7,HKDT,,584,,
30-Jun-25,Zackenberg,,empids,Z630-E34,,0.0036,,,,15.7,HKDT,,305,,
30-Jun-25,Zackenberg,,empids,Z630-E42,,0.0037,,,,15.7,HKDT,,280,,
30-Jun-25,Zackenberg,,empids,Z630-E37,,0.0047,,,,15.7,HKDT,,493,,
30-Jun-25,Zackenberg,,empids,Z630-E50,,0.01,,,,15.7,HKDT,,231,,
30-Jun-25,Zackenberg,,empids,Z630-16,,0.0041,,,,15.7,HKDT,,120,,
30-Jun-25,Zackenberg,,empids,Z630-E8,,0.005,,,,15.7,HKDT,,194,,
30-Jun-25,Zackenberg,,empids,Z630-E10,,0.0046,,,,15.7,HKDT,,266,,
30-Jun-25,Zackenberg,,parasitic_wasp,Z630-W29,,0.0249,,,,,Ctmax,,,,
30-Jun-25,Zackenberg,,parasitic_fly,Z630-F15,,0.0536,,,,,Ctmax,,,,
30-Jun-25,Zackenberg,,empids,Z630-E49,,0.0095,,,,,Ctmax,,,,
30-Jun-25,Zackenberg,,parasitic_wasp,Z630-W49,,0.0251,,,,,Ctmax,,,,
30-Jun-25,Zackenberg,,parasitic_wasp,Z630-W30,,0.0064,,,,,Ctmax,,,,
8-Jul-25,Zackenberg,17.9,wolf_spider,Z708-S27,,0.0077,,9.07,19,18,HKDT,45,1805,,
8-Jul-25,Zackenberg,18.3,wolf_spider,Z708-S01,,,,6.77,25,18,HKDT,45,596,,
8-Jul-25,Zackenberg,18.4,wolf_spider,Z708-S24,,0.0195,,5.51,25,18,HKDT,45,1726,,
8-Jul-25,Zackenberg,18.8,wolf_spider,Z708-S06,,0.0277,,11.62,25,18,HKDT,45,616,,
8-Jul-25,Zackenberg,18.7,wolf_spider,Z708-S18,,0.0087,,3.03,25,18,HKDT,45,1638,"captured on 01-Jul, fed with water prior to experiment",
8-Jul-25,Zackenberg,18.7,wolf_spider,Z708-S19,,0.007,,10.82,25,18,HKDT,45,235,"captured on 01-Jul, fed with water prior to experiment",
8-Jul-25,Zackenberg,18.7,wolf_spider,Z708-S53,,0.0174,,7.78,25,18,HKDT,45,155,"captured on 01-Jul, fed with water prior to experiment",
8-Jul-25,Zackenberg,18.7,wolf_spider,Z708-S28,,0.0106,,5.25,11,18,HKDT,45,687,"captured on 01-Jul, fed with water prior to experiment",
8-Jul-25,Zackenberg,0.1,wolf_spider,Z708-S30,,0.0112,,9.51,2,3.1,HKDT,45,346,"captured on 01-Jul, fed with water prior to experiment",
8-Jul-25,Zackenberg,,wolf_spider,Z708-S41,,,,NA,NA,,,,,"captured on 01-Jul, fed with water prior to experiment, died prior to experiment in chamber",
8-Jul-25,Zackenberg,0.2,wolf_spider,Z708-S13,,0.0136,,49.52,19,3.1,HKDT,45,,"captured on 01-Jul, fed with water prior to experiment",
8-Jul-25,Zackenberg,,wolf_spider,Z708-S70,,,,NA,NA,,,,,"captured on 01-Jul, fed with water prior to experiment, died prior to experiment in chamber",
8-Jul-25,Zackenberg,0.1,wolf_spider,Z708-S35,,0.0058,,2.96,2,3.1,HKDT,45,60,"captured on 01-Jul, fed with water prior to experiment",
8-Jul-25,Zackenberg,0.2,wolf_spider,Z708-S03,,0.0104,,10.49,2,3.1,HKDT,45,>1800,,
8-Jul-25,Zackenberg,0.1,wolf_spider,Z708-S23,,0.0287,,14.1,2,3.1,HKDT,45,373,,
8-Jul-25,Zackenberg,0,wolf_spider,Z708-S12,,0.0251,,16.99,2,3.1,HKDT,45,212,,
8-Jul-25,Zackenberg,0.1,wolf_spider,Z708-S05,,0.018,,13.67,2,3.1,HKDT,45,202,,
8-Jul-25,Zackenberg,0.6,wolf_spider,Z708-S21,,0.0087,,10.37,2,3.1,HKDT,45,182,,
8-Jul-25,Zackenberg,35.2,wolf_spider,Z708-S52,,0.0127,,3.99,25,30,HKDT,45,444,"captured on 01-Jul, fed with water prior to experiment",
8-Jul-25,Zackenberg,35.2,wolf_spider,Z708-S08,,0.0132,,7.51,25,,,,,"captured on 01-Jul, fed with water prior to experiment",
8-Jul-25,Zackenberg,35.2,wolf_spider,Z708-S71,,0.0117,,3.74,25,30,HKDT,45,59,"captured on 01-Jul, fed with water prior to experiment",
8-Jul-25,Zackenberg,35.1,wolf_spider,Z708-S20,,0.0151,,7.03,25,,,,,,
8-Jul-25,Zackenberg,34.4,wolf_spider,Z708-S26,,0.0502,,11.13,25,30,HKDT,45,157,,
8-Jul-25,Zackenberg,35.7,wolf_spider,Z708-S15,,,,11.7,25,,,,,escaped,
8-Jul-25,Zackenberg,35,wolf_spider,Z708-S49,,0.0128,,10.08,25,,,,,escaped,
8-Jul-25,Zackenberg,,craneflies,Z708-S01,,0.0107,,,18,,HKDT,38,1200,,
8-Jul-25,Zackenberg,,craneflies,Z708-S02,,0.01,,,18,,HKDT,38,836,,
8-Jul-25,Zackenberg,,craneflies,Z708-S03,,0.0157,,,18,,HKDT,38,1701,,
8-Jul-25,Zackenberg,,craneflies,Z708-S04,,0.009,,,18,,HKDT,38,1740,,
8-Jul-25,Zackenberg,,craneflies,Z708-S05,,0.013,,,30,,HKDT,38,1225,,
8-Jul-25,Zackenberg,,craneflies,Z708-S06,,0.0235,,,30,,HKDT,38,1050,,
8-Jul-25,Zackenberg,,craneflies,Z708-S07,,0.0406,,,30,,HKDT,38,738,,
8-Jul-25,Zackenberg,,craneflies,Z708-S08,,0.0118,,,30,,HKDT,38,1225,,
8-Jul-25,Zackenberg,,craneflies,Z708-S09,,0.0189,,,30,,HKDT,38,>1800,,
8-Jul-25,Zackenberg,,craneflies,Z708-S10,,0.0812,,,3.1,,HKDT,38,1359,,
8-Jul-25,Zackenberg,,craneflies,Z708-S11,,0.0229,,,3.1,,HKDT,38,1440,,
8-Jul-25,Zackenberg,,craneflies,Z708-S12,,0.0135,,,3.1,,HKDT,38,1445,,
8-Jul-25,Zackenberg,,craneflies,Z708-S13,,0.0695,,,3.1,,HKDT,38,1047,,
8-Jul-25,Zackenberg,,craneflies,Z708-S14,,0.0228,,,3.1,,HKDT,38,1451,,
9-Jul-25,Zackenberg,14.8,sympistis_larva,Z709-L01,,0.0315,,15.01,9,,Ctmax,38.9,,,
9-Jul-25,Zackenberg,14.8,sympistis_larva,Z709-L02,,0.0661,,76,10.5,,Ctmax,38,,,
9-Jul-25,Zackenberg,13.5,wooly_moth,Z709-W3,,0.398,,173,25,,Ctmax,48,,,
9-Jul-25,Zackenberg,14.1,wooly_moth,Z709-W2,,0.0892,,261,12,,Ctmax,42,,,
9-Jul-25,Zackenberg,14.2,wooly_moth,Z709-W1,,0.0495,,370,25,,Ctmax,42.9,,,
11-Jul-25,Zackenberg,6.9,muscids,Z709-M70,,0.0057,,NA,0,15.1,,,,,
10-Jul-25,Zackenberg,6.6,muscids,Z709-M49,,,,31.17,11,,,,,dead accidentally squished,
10-Jul-25,Zackenberg,3.9,muscids,Z709-M75,,0.0116,,17.58,3,3.1,HKDT,37,120,,
10-Jul-25,Zackenberg,1.2,muscids,Z709-M16,,0.003,,13.1,3,,,,,,
10-Jul-25,Zackenberg,7.6,muscids,Z709-M11,,0.0043,,NA,0,,,,,,
10-Jul-25,Zackenberg,5.5,muscids,Z709-M10,,0.0096,,NA,0,,,,,,
10-Jul-25,Zackenberg,3.6,wolf_spider,Z709-S112,,0.0234,,6.63,9,3.1,HKDT,45,180,,
10-Jul-25,Zackenberg,4.9,wolf_spider,Z709-S102,,0.0037,,3.7,18,15.1,HKDT,37,73,,
10-Jul-25,Zackenberg,6.1,wolf_spider,Z709-S107,,0.0059,,11.35,25,3.1,HKDT,45,201,,
10-Jul-25,Zackenberg,5.6,wolf_spider,Z709-S108,,0.0142,,24.77,25,,,,,,
10-Jul-25,Zackenberg,5.6,wolf_spider,Z709-S105,,,,21.26,25,,,,,escaped,
10-Jul-25,Zackenberg,21.3,muscids,Z709-M120,,0.0044,,29.04,13.5,15.1,HKDT,37,90,walked horizontally,
10-Jul-25,Zackenberg,22.4,muscids,Z709-M48,,0.0037,,18.63,16,,,,,walked horizontally,
10-Jul-25,Zackenberg,21.8,muscids,Z709-M03,,0.0038,,13.31,13,15.1,HKDT,37,90,walked horizontally,
10-Jul-25,Zackenberg,21.8,muscids,Z709-M05,,0.0054,,19.09,19,,,,,walked horizontally,
10-Jul-25,Zackenberg,21.7,muscids,Z709-M35,,0.0056,,3.93,3,,,,,walked horizontally,
10-Jul-25,Zackenberg,21.4,muscids,Z709-M36,,0.0067,,4.49,8,15.1,HKDT,37,145,walked horizontally,
10-Jul-25,Zackenberg,21.2,muscids,Z709-M25,,0.0139,,0.81,3,,,,,walked horizontally,
10-Jul-25,Zackenberg,3.8,muscids,Z709-M04,,0.0093,,35.33,7.5,,,,,,
10-Jul-25,Zackenberg,5.3,muscids,Z709-M18,,0.0047,,NA,0,,,,,,
10-Jul-25,Zackenberg,3.1,muscids,Z709-M84,,0.0105,,74.35,21,,,,,,
10-Jul-25,Zackenberg,3.6,muscids,Z709-M45,,0.017,,4.67,3,3.1,HKDT,37,1560,,
10-Jul-25,Zackenberg,28.9,muscids,Z709-M130,,0.0097,,14.74,5.5,3.1,HKDT,37,>1800,,
10-Jul-25,Zackenberg,29,muscids,Z709-M12,,,,3.42,3,,,,,,
10-Jul-25,Zackenberg,28.7,muscids,Z709-M24,,0.0045,,4.67,9,30,HKDT,37,243,,
10-Jul-25,Zackenberg,29.1,muscids,Z709-131,,,,13.05,20,,,,,,
10-Jul-25,Zackenberg,30.7,muscids,Z709-M17,,0.0136,,11.77,20,3.1,HKDT,37,120,,
10-Jul-25,Zackenberg,39.3,muscids,Z709-M73,,0.0116,,13.99,20,15.1,HKDT,37,60,,
10-Jul-25,Zackenberg,38.9,muscids,Z709-M41,,,,17.21,20,30,HKDT,37,221,,
10-Jul-25,Zackenberg,38.4,muscids,Z709-M79,,0.009,,NA,0,,,,,,
10-Jul-25,Zackenberg,38.9,muscids,Z709-M85,,0.0213,,7.48,9,,,,,,
10-Jul-25,Zackenberg,48.9,wolf_spider,Z709-S101,,0.0156,,1,25,,,,,died,
10-Jul-25,Zackenberg,48.1,wolf_spider,Z709-S111,,0.0043,,1.4,25,15.1,HKDT,37,190,,
10-Jul-25,Zackenberg,48.4,wolf_spider,Z709-S110,,0.0211,,2.25,20,15.1,HKDT,37,210,,
10-Jul-25,Zackenberg,48.6,wolf_spider,Z709-S109,,0.0065,,1.07,25,,,,,,
10-Jul-25,Zackenberg,48.1,wolf_spider,Z709-S113,,,,NA,0,,,,,died,
10-Jul-25,Zackenberg,49,wolf_spider,z709-s103,,0.036,,3.09,25,,,,,,
10-Jul-25,Zackenberg,46,wolf_spider,z709-s100,,,,3.68,25,,,,,escaped,
10-Jul-25,Zackenberg,45.2,wolf_spider,z709-s115,,0.0067,,4.59,25,3.1,HKDT,45,240,,
10-Jul-25,Zackenberg,42,muscids,z709-m14,,0.008,,9.39,8,,,,,,
10-Jul-25,Zackenberg,42,muscids,z709-m140,,0.0105,,23.74,25,15.1,HKDT,37,637,,
10-Jul-25,Zackenberg,42.3,muscids,z709-m25,,0.0096,,8.23,11,,,,,,
10-Jul-25,Zackenberg,44.3,muscids,z709-m29,,0.0047,,5.57,6,,,,,,
10-Jul-25,Zackenberg,43,muscids,z709-m01,,0.0044,,4.61,9,3.1,HKDT,37,120,,
10-Jul-25,Zackenberg,47.3,muscids,z709-m72,,0.0118,,5.77,2,30,HKDT,37,176,died,
10-Jul-25,Zackenberg,48,muscids,Z709-M44,,0.0022,,NA,0,,,,,died,
10-Jul-25,Zackenberg,47.7,muscids,z709-m22,,,,NA,0,,,,,died,
10-Jul-25,Zackenberg,45.2,muscids,z709-m77,,0.0121,,4.72,7,3.1,HKDT,37,370,,
10-Jul-25,Zackenberg,44.2,muscids,z709-m34,,0.0177,,NA,0,3.1,HKDT,37,120,died,
10-Jul-25,Zackenberg,43.1,muscids,z709-m82,,0.0033,,5.03,5,,,,,,
10-Jul-25,Zackenberg,42.4,muscids,Z709-M13,,0.0144,,18.09,7,3.1,HKDT,37,120,,
10-Jul-25,Zackenberg,41.2,muscids,z709-m83,,0.0081,,13.09,16,,,,,,
10-Jul-25,Zackenberg,41.7,muscids,z709-m53,,0.0096,,30.34,15.5,15.1,HKDT,37,>1800,,
10-Jul-25,Zackenberg,41.4,muscids,z709-m18,,,,32.34,15,,,,,,
10-Jul-25,Zackenberg,41.2,muscids,z709-m141,,0.003,,26.37,17,,,,,,
10-Jul-25,Zackenberg,41.8,muscids,z709-m74,,0.0191,,3.74,3,,,,,,
10-Jul-25,Zackenberg,41.7,muscids,z709-m33,,0.011,,38.67,20,3.1,HKDT,37,>1800,,
12-Jul-25,Zackenberg,48.6,wolf_spider,Z712-S140,,0.0094,,2.05,25,,,,,,
12-Jul-25,Zackenberg,47.1,wolf_spider,Z712-S117,,0.0135,,0.99,2,3.1,HKDT,44,327,,
12-Jul-25,Zackenberg,48,wolf_spider,Z712-S14,,0.018,,1.2,25,,,,,,
12-Jul-25,Zackenberg,48.7,wolf_spider,Z712-S08,,0.0394,,1.53,3,,,,,,
12-Jul-25,Zackenberg,48.5,wolf_spider,Z712-S48,,0.0183,,1.13,25,,,,,,
14-Jul-25,Zackenberg,59.1,wolf_spider,Z714-S74,,0.0359,,4.19,23,,,,,preheated to experimental temp for 2 mins,
14-Jul-25,Zackenberg,57.3,wolf_spider,Z714-S11,,0.051,,0.8,25,30,HKDT,44,259,preheated to experimental temp for 2 mins,
14-Jul-25,Zackenberg,57.3,wolf_spider,Z714-S49,,,,0.54,25,,,,,preheated to experimental temp for 2 mins,
14-Jul-25,Zackenberg,57.1,wolf_spider,z714-s113,,,,3.82,25,,,,,preheated to experimental temp for 2 mins,
14-Jul-25,Zackenberg,57.3,wolf_spider,z714-s17,,NA,,0.48,25,,,,,preheated to experimental temp for 2 mins,
14-Jul-25,Zackenberg,56.5,wolf_spider,z714-s115,,0.0073,,1.13,5,30,HKDT,44,244,preheated to experimental temp for 2 mins,
14-Jul-25,Zackenberg,56.3,wolf_spider,z714-s130,,0.0207,,2,25,3.1,HKDT,44,472,,
14-Jul-25,Zackenberg,56.6,wolf_spider,z714-s38,,0.0157,,1.3,25,30,HKDT,44,260,,
14-Jul-25,Zackenberg,58.2,wolf_spider,z714-s35,,0.0348,,0.54,3,,,,,,
14-Jul-25,Zackenberg,57.3,wolf_spider,z714-s110,,0.0229,,0.73,25,30,HKDT,44,254,,
14-Jul-25,Zackenberg,57.9,wolf_spider,z714-s25,,0.02,,0.48,3,,,,,,
14-Jul-25,Zackenberg,48.3,wolf_spider,z714-s13,,,,0.63,3,,,,,preheat for 1min,
14-Jul-25,Zackenberg,46.6,wolf_spider,z714-s10,,0.0547,,1.84,25,,,,,,
14-Jul-25,Zackenberg,44.3,wolf_spider,Z714-S17,,0.0092,,3.81,10,,,,,,
14-Jul-25,Zackenberg,46.4,wolf_spider,Z714-S112,,0.0203,,1.33,25,,,,,,
14-Jul-25,Zackenberg,45.3,wolf_spider,Z714-S73,,0.0326,,2.05,25,,,,,,
14-Jul-25,Zackenberg,45.7,wolf_spider,Z714-S20,,0.0186,,2.77,2,,,,,,
14-Jul-25,Zackenberg,46.4,wolf_spider,Z714-S116,,0.018,,2.12,25,,,,,,
14-Jul-25,Zackenberg,44.6,wolf_spider,Z714-S80,,0.0222,,3.22,25,,,,,,
14-Jul-25,Zackenberg,46.7,wolf_spider,Z714-S53,,0.0097,,2.9,15,,,,,preheat for 5mins,
14-Jul-25,Zackenberg,45.9,wolf_spider,z714-s78,,0.0389,,4.2,11,,,,,,
14-Jul-25,Zackenberg,44.7,wolf_spider,z714-s21,,0.0232,,4.81,25,,,,,,
14-Jul-25,Zackenberg,44.1,wolf_spider,z714-s35,,,,1.13,1,,,,,,
14-Jul-25,Zackenberg,44.5,wolf_spider,z714-s114,,0.0079,,3.96,25,,,,,,
14-Jul-25,Zackenberg,44.1,wolf_spider,z714-s91,,0.0234,,1.19,25,,,,,,
14-Jul-25,Zackenberg,44.4,wolf_spider,z714-s12,,0.0194,,2.57,25,,,,,,
14-Jul-25,Zackenberg,44.1,wolf_spider,z714-s105,,0.0176,,2.24,25,,,,,,
14-Jul-25,Zackenberg,43.1,wolf_spider,z714-s141,,0.0087,,2.11,25,,,,,,
14-Jul-25,Zackenberg,43.1,wolf_spider,z714-s13,,0.0194,,2.83,25,,,,,,
15-Jul-25,Zackenberg,46.1,muscids,Z715-M74,,0.0081,,14.39,19,,,,,,
15-Jul-25,Zackenberg,46.6,muscids,Z715-M23,,0.0156,,0.87,1,,,,,died,
15-Jul-25,Zackenberg,47,muscids,Z715-M40,,0.0099,,NA,0,,,,,died,
15-Jul-25,Zackenberg,45,muscids,Z715-M75,,0.0096,,0.73,1,,,,,died,
15-Jul-25,Zackenberg,44.1,muscids,Z715-M19,,0.012,,14.29,14,,,,,,
15-Jul-25,Zackenberg,46.6,muscids,Z715-M140,,,,6.8,14,,,,,,
15-Jul-25,Zackenberg,45.9,muscids,z715-m22,,0.0081,,8.05,9,,,,,,
15-Jul-25,Zackenberg,46.8,muscids,z715-m52,,0.0143,,16.48,16,,,,,,
15-Jul-25,Zackenberg,47.9,muscids,z715-m42,,0.0138,,11.5,6,,,,,,
15-Jul-25,Zackenberg,46.2,muscids,z715-m70,,0.0102,,21.58,18,,,,,,
15-Jul-25,Zackenberg,33.8,muscids,z715-m05,,0.0085,,7.82,16,,,,,,
15-Jul-25,Zackenberg,33.8,muscids,z715-m150,,0.0122,,10.89,15,,,,,,
15-Jul-25,Zackenberg,32,muscids,z715-m09,,0.0097,,18.71,20,,,,,,
15-Jul-25,Zackenberg,32.3,muscids,z715-m102,,0.0124,,4.81,6,,,,,,
15-Jul-25,Zackenberg,32.1,muscids,z715-m74,,0.0119,,2.49,3,,,,,,
15-Jul-25,Zackenberg,30.4,muscids,z715-m85,,0.0107,,4.87,9,,,,,,
17-Jul-25,Zackenberg,45.1,wolf_spider,z717-s40,,0.0056,S,,,,,,,"made sure to preheat chamber to about 50C, stopped running around and died after 1m48s",
17-Jul-25,Zackenberg,47,wolf_spider,z717-s77,,0.0137,,,,,,,,"stopped moving after 7m, temp started at 48 but spider started slowing down at around 46",
17-Jul-25,Zackenberg,47.7,wolf_spider,Z717-S73,,0.0326,L,,,,,,,stopped moving 1m36s,
17-Jul-25,Zackenberg,47.1,wolf_spider,z717-s08,,0.0088,S,,,,,,,stopped moving and died after 1m14s,
17-Jul-25,Zackenberg,49,wolf_spider,z717-s36,,0.0098,,,,,,,,34s,
17-Jul-25,Zackenberg,33.3,wolf_spider,z717-s91,,0.0128,,5.19,13,,,,,new method described in field notes,
17-Jul-25,Zackenberg,36.2,wolf_spider,z717-s10,,0.0146,,10.17,15,,,,,,
17-Jul-25,Zackenberg,37,wolf_spider,z717-s103,,0.0109,,5.07,25,,,,,,
17-Jul-25,Zackenberg,37.2,wolf_spider,z717-s110,,0.0111,,4.89,25,,,,,,
17-Jul-25,Zackenberg,36.2,wolf_spider,z717-s92,,0.0181,,3.18,25,,,,,,
17-Jul-25,Zackenberg,48.9,wolf_spider,z717-s24,,0.0243,,3.34,9,,,,,died at end of experiment,
17-Jul-25,Zackenberg,48.8,wolf_spider,z717-s16,,0.0247,,0,1,,,,,"died immediately after 1min ""acclimation""",
17-Jul-25,Zackenberg,47.7,wolf_spider,z717-s90,,0.0174,,10.1,60,,,,,died at end of experiment,
17-Jul-25,Zackenberg,48.5,wolf_spider,z717-s17,,0.0241,,13.16,36,,,,,died at end of experiment,
17-Jul-25,Zackenberg,44.5,wolf_spider,z717-s83,,0.0073,,24.29,53,,,,,died at end of experiment,
19-Jul-25,Zackenberg,3.3,muscids,z719-m44,,0.0047,,1.17,1,3.1,HKDT,37,60,,
19-Jul-25,Zackenberg,0.2,muscids,Z719-M41,,0.004,,NA,0,3.1,HKDT,37,676,,
19-Jul-25,Zackenberg,3.7,muscids,Z719-M01,,0.0032,,1.91,1,3.1,HKDT,37,610,,
19-Jul-25,Zackenberg,2.7,muscids,Z719-M06,,0.0071,,6.15,3,3.1,HKDT,37,102,,
19-Jul-25,Zackenberg,2.2,muscids,Z719-M84,,0.0056,,3.03,2,3.1,HKDT,37,244,,
19-Jul-25,Zackenberg,2.1,muscids,Z719-M20,,0.0041,,NA,0,3.1,HKDT,37,465,,
19-Jul-25,Zackenberg,0.7,muscids,Z719-M80,,0.003,,NA,0,3.1,HKDT,37,60,,
19-Jul-25,Zackenberg,,muscids,Z719-M117,,0.0044,,NA,NA,3.1,HKDT,37,459,,
19-Jul-25,Zackenberg,,muscids,Z719-M79,,0.0027,,,,3.1,HKDT,37,49,,
19-Jul-25,Zackenberg,,muscids,Z719-M25,,0.0016,,NA,NA,3.1,HKDT,37,55,,
19-Jul-25,Zackenberg,5.1,wolf_spider,Z719-S106,,0.0358,,31.67,25,3.1,HKDT,45,130,,
19-Jul-25,Zackenberg,8.3,wolf_spider,z719-s11,,,,9.77,24,3.1,HKDT,45,290,,
19-Jul-25,Zackenberg,7.3,wolf_spider,z719-s72,,0.0201,,9.22,24,3.1,HKDT,45,270,,
19-Jul-25,Zackenberg,7.5,wolf_spider,z719-s42,,0.0148,,11.04,24,3.1,HKDT,45,80,,
19-Jul-25,Zackenberg,7.6,wolf_spider,z719-s03,,0.0064,,18.04,25,3.1,HKDT,NA,NA,escaped,
19-Jul-25,Zackenberg,5.8,wolf_spider,z719-s35,,0.023,,11.03,25,3.1,HKDT,45,185,,
19-Jul-25,Zackenberg,4.8,wolf_spider,z719-s38,,0.0168,,21.11,23,3.1,HKDT,45,78,,
19-Jul-25,Zackenberg,4.8,wolf_spider,z719-s78,,0.0177,,18.11,8,3.1,HKDT,45,189,,
19-Jul-25,Zackenberg,3.8,wolf_spider,z719-s48,,0.0164,,5.84,2,3.1,HKDT,45,37,,
19-Jul-25,Zackenberg,15.3,wolf_spider,z719-s111,,0.0208,,1.85,5,30,HKDT,45,902,,
19-Jul-25,Zackenberg,11.8,wolf_spider,Z719-S81,,0.0189,,5.42,25,30,HKDT,45,198,,
19-Jul-25,Zackenberg,12.2,wolf_spider,z719-s131,,0.0081,,11.46,27,30,HKDT,45,1424,,
19-Jul-25,Zackenberg,11.9,wolf_spider,z719-s74,,0.0218,,3.34,9,30,HKDT,45,867,,
19-Jul-25,Zackenberg,12.1,wolf_spider,z719-s23,,0.0333,,4.98,8,30,HKDT,45,244,,
19-Jul-25,Zackenberg,9.8,muscids,z719-m82,,0.0043,,4.52,3,,,,,,
19-Jul-25,Zackenberg,9.8,muscids,z719-m75,,0.0031,,8.01,9,,,,,,
19-Jul-25,Zackenberg,9,muscids,z719-m112,,0.0022,,16.78,8,,,,,,
19-Jul-25,Zackenberg,10.8,muscids,z719-m120,,0.0016,,1.8,5,,,,,,
19-Jul-25,Zackenberg,24.2,muscids,z719-m10,,0.0023,,42.83,14,,,,,,
19-Jul-25,Zackenberg,24.3,muscids,z719-m92,,0.0024,,14.3,6,,,,,,
19-Jul-25,Zackenberg,24.6,muscids,z719-m91,,0.0046,,8.2,9,,,,,,
19-Jul-25,Zackenberg,24.5,muscids,z719-m103,,0.0025,,8.51,9,,,,,,
19-Jul-25,Zackenberg,24.8,muscids,z719-m21,,,,6.46,9,,,,,,
19-Jul-25,Zackenberg,24.9,wolf_spider,z719-s05,,0.0195,,8.23,25,30,HKDT,45,566,,
19-Jul-25,Zackenberg,25.1,wolf_spider,z719-s08,,,,5.57,25,30,HKDT,45,580,,
19-Jul-25,Zackenberg,25.6,wolf_spider,z719-s104,,0.0257,,5.67,25,30,HKDT,45,301,,
22-Jul-25,Zackenberg,32.3,wolf_spider,Z722-S77,,0.0104,,4.28,19,3.1,HKDT,45,1020,caught 2-3 days ago,
22-Jul-25,Zackenberg,33,wolf_spider,Z722-S18,,0.0183,,7.08,20,30,HKDT,45,214,caught 2-3 days ago,
22-Jul-25,Zackenberg,32.8,wolf_spider,Z722-S03,,0.0182,,2,9,3.1,HKDT,44,250,caught 2-3 days ago,
22-Jul-25,Zackenberg,34.2,wolf_spider,Z722-S13,,0.02,,7.02,20,3.1,HKDT,44,111,caught 2-3 days ago,
22-Jul-25,Zackenberg,34.4,wolf_spider,Z722-S130,,0.0103,,5.31,20,3.1,HKDT,44,530,caught 2-3 days ago,
22-Jul-25,Zackenberg,40,wolf_spider,z722-s16,,0.0059,,2.01,20,3.1,HKDT,43,>1800,,
22-Jul-25,Zackenberg,44.9,wolf_spider,z722-s101,,0.025,,7.87,95,3.1,HKDT,43,492,,
22-Jul-25,Zackenberg,44.7,wolf_spider,z722-s150,,0.0192,,2.54,38,3.1,HKDT,43,456,,
22-Jul-25,Zackenberg,44.3,wolf_spider,z722-s49,,0.0227,,3.39,19,3.1,HKDT,43,657,,
22-Jul-25,Zackenberg,42.9,wolf_spider,z722-s102,,0.035,,2.73,38,3.1,HKDT,43,80,5-min acclimation in chamber,
22-Jul-25,Zackenberg,43.8,wolf_spider,z722-s140,,0.0223,,4.88,57,3.1,HKDT,44,561,5-min acclimation in chamber,
22-Jul-25,Zackenberg,44.1,wolf_spider,z722-s09,,0.0273,,3.02,21,3.1,HKDT,44,211,,
23-Jul-25,Zackenberg,23.3,muscids,z723-m40,,0.0089,,13.6,9,3.1,HKDT,35.5,980,,
23-Jul-25,Zackenberg,23.6,muscids,z723-m34,,0.0059,,8.82,7,3.1,HKDT,35.5,800,,
23-Jul-25,Zackenberg,23.6,muscids,z723-m114,,0.0026,,25.06,13,3.1,HKDT,35.5,410,,
23-Jul-25,Zackenberg,22.7,muscids,z723-m29,,0.0051,,8.49,5,3.1,HKDT,35.5,234,,
23-Jul-25,Zackenberg,24.2,muscids,z723-m105,,0.0048,,43.77,5,3.1,HKDT,35.5,469,,
23-Jul-25,Zackenberg,22.8,wolf_spider,z723-s73,,0.0332,,3.28,20,3.1,HKDT,45.5,406,,
23-Jul-25,Zackenberg,22.8,wolf_spider,z723-s52,,0.0208,,10.06,20,3.1,HKDT,45.5,413,,
23-Jul-25,Zackenberg,23,wolf_spider,z723-s22,,0.0061,,1.36,3,3.1,HKDT,45.5,256,,
23-Jul-25,Zackenberg,22.4,wolf_spider,z723-s83,,0.0151,,8.84,18,3.1,HKDT,45.5,90,,
23-Jul-25,Zackenberg,22.4,wolf_spider,z723-s90,,0.0112,,3.09,18,3.1,HKDT,45.5,273,,
23-Jul-25,Zackenberg,36.7,muscids,z723-m21,,0.0014,,1.78,2,,,,,died in acclimation,
23-Jul-25,Zackenberg,34.7,muscids,z723-m100,,0.0027,,NA,0,,,,,died in acclimation,
23-Jul-25,Zackenberg,35.3,muscids,z723-m15,,0.0038,,16.87,19,30,HKDT,38,>1800,,
23-Jul-25,Zackenberg,35.1,muscids,z723-m36,,0.0016,,26.83,13,,,,,died in acclimation,
23-Jul-25,Zackenberg,32.9,wolf_spider,z723-s24,,0.0291,,9.04,20,30,HKDT,45,201,,
23-Jul-25,Zackenberg,24.8,wolf_spider,z723-s04,,0.02,,5.26,17,30,HKDT,45,109,,
23-Jul-25,Zackenberg,26.7,wolf_spider,z723-s25,,0.0109,,7,9,30,HKDT,45,319,,
23-Jul-25,Zackenberg,25.8,wolf_spider,z723-s76,,0.0117,,1,5,30,HKDT,45,76,,
23-Jul-25,Zackenberg,25.2,wolf_spider,z723-s12,,0.0096,,2.1,2,30,HKDT,45,244,,
24-Jul-25,Zackenberg,29.1,muscids,z724-m41,,0.0088,,10,9,32,HKDT,37,>1800,,
24-Jul-25,Zackenberg,27.8,muscids,z724-m48,,0.0085,,4.74,8,32,HKDT,37,>1800,,
24-Jul-25,Zackenberg,28.6,muscids,z724-m13,,0.0058,,12.59,18.5,15,HKDT,38,241,,
24-Jul-25,Zackenberg,31.1,muscids,z724-m44,,0.0026,,15.91,13,32,HKDT,37,61,,
24-Jul-25,Zackenberg,31.4,muscids,z724-m75,,0.0044,,4.44,5,32,HKDT,37,1228,,
24-Jul-25,Zackenberg,35.8,muscids,z724-m25,,0.0039,,34.3,7,30,HKDT,37,319,,
24-Jul-25,Zackenberg,35.9,muscids,z724-m101,,0.0021,,18.29,11,,,,,,
24-Jul-25,Zackenberg,36.3,muscids,z724-m02,,0.0056,,10.39,14,32,HKDT,37,380,,
24-Jul-25,Zackenberg,36.8,muscids,z724-m20,,0.0067,,14.37,10,32,HKDT,37,528,,
24-Jul-25,Zackenberg,19.4,muscids,z724-m140,,0.0044,,1.54,1,30,HKDT,37,798,,
24-Jul-25,Zackenberg,18.8,muscids,z724-m102,,0.0069,,49.53,15,30,HKDT,37,1162,,
24-Jul-25,Zackenberg,18.6,muscids,z724-m106,,0.0046,,0.87,1,30,HKDT,37,308,,
24-Jul-25,Zackenberg,17.6,muscids,z724-m92,,0.0022,,1.01,1,30,HKDT,37,1255,,
24-Jul-25,Zackenberg,22.9,muscids,z724-m49,,0.0062,,4,4,30,HKDT,37,>1800,,
24-Jul-25,Zackenberg,22.7,muscids,z724-m80,,0.0013,,16.36,10,30,HKDT,37,81,,
24-Jul-25,Zackenberg,23.2,muscids,z724-m10,,0.0053,,4.8,5,30,HKDT,37,1059,,
24-Jul-25,Zackenberg,23.2,muscids,z724-m09,,0.003,,1.52,3,30,HKDT,37,>1800,,
25-Jul-25,Zackenberg,29.6,craneflies,z725-c1,,0.0187,,39.78,28,3.1,HKDT,35,3600,"baited with sugar water, 24h acclimation in cold",
25-Jul-25,Zackenberg,34.9,craneflies,z725-c2,,0.0688,,15.88,28,3.1,HKDT,35,3600,"baited with sugar water, 24h acclimation in cold",
25-Jul-25,Zackenberg,32.1,craneflies,z725-c3,,0.0429,,5.21,2,3.1,HKDT,35,3600,"needed constant stimulation, 24h acclimation in cold",
25-Jul-25,Zackenberg,33.1,mosquito,z725-05,,0.0008,,31.34,18,,,,,baited with sugar water,
25-Jul-25,Zackenberg,31.1,mosquito,z725-o22,,,,67.22,19,3.1,HKDT,35,120,baited with sugar water,
25-Jul-25,Zackenberg,30.2,mosquito,z725-025,,,,4.52,3.5,3.1,HKDT,35,1137,baited with sugar water,
25-Jul-25,Zackenberg,32.3,mosquito,z725-o48,,,,5.86,4,3.1,HKDT,35,652,baited with sugar water,
25-Jul-25,Zackenberg,32.6,mosquito,z725-o74,,,,61.76,28,3.1,HKDT,35,2066,baited with sugar water,
25-Jul-25,Zackenberg,42.3,wolf_spider,z725-s73,,0.0212,,37,75,,,,,18,
25-Jul-25,Zackenberg,43.2,wolf_spider,z725-s109,,,,6.48,25,,,,,,
25-Jul-25,Zackenberg,42,wolf_spider,z725-s20,,0.0083,,5.17,25,,,,,,
26-Jul-25,Zackenberg,38.1,muscids,Z725-m52,,0.0026,,1.41,2,,,,,,
26-Jul-25,Zackenberg,37.4,muscids,z725-m101,,0.0045,,1.85,2,,,,,,
26-Jul-25,Zackenberg,37.6,muscids,z725-m105,,0.0082,,14.38,13,,,,,,
26-Jul-25,Zackenberg,38.4,muscids,z725-m107,,0.0026,,11.67,15,,,,,,
26-Jul-25,Zackenberg,27.4,muscids,z726-m150,,0.0072,,13.96,13,3.1,HKDT,30,3600,,
26-Jul-25,Zackenberg,27.3,muscids,z726-m25,,0.0036,,3.67,3.5,3.1,HKDT,30,3600,,
26-Jul-25,Zackenberg,28.7,muscids,z726-m02,,0.0025,,1.97,2,3.1,HKDT,30,3600,,
26-Jul-25,Zackenberg,27.4,muscids,z726-m117,,0.0036,,11.97,18.5,3.1,HKDT,30,3600,,
26-Jul-25,Zackenberg,29.4,muscids,z726-m90,,0.0041,,3.22,4,3.1,HKDT,30,3600,,
26-Jul-25,Zackenberg,29.7,muscids,z726-m29,,0.0034,,8.57,10.5,,,,,,
26-Jul-25,Zackenberg,29.4,muscids,z726-m112,,0.0025,,1.43,3,,,,,,
26-Jul-25,Zackenberg,27.7,muscids,z726-m40,,0.0157,,2.19,3,,,,,,
26-Jul-25,Zackenberg,31.1,wolf_spider,z726-s115,,0.0217,,4.15,25,3.1,HKDT,30,3600,,
26-Jul-25,Zackenberg,28.9,wolf_spider,z726-s41,,0.0076,,3.44,15,3.1,HKDT,30,3600,,
26-Jul-25,Zackenberg,28.3,wolf_spider,z726-s15,,0.009,,5.33,25,,,,,,
26-Jul-25,Zackenberg,28,wolf_spider,z726-s53,,0.0141,,4.8,25,3.1,HKDT,30,3600,,
26-Jul-25,Zackenberg,27.6,wolf_spider,z726-s12,,,,3.6,25,,,,,,
26-Jul-25,Zackenberg,27.5,wolf_spider,z726-s113,,0.0298,,1.91,25,3.1,HKDT,30,3600,,
26-Jul-25,Zackenberg,10.9,muscids,z726-m01,,0.0104,,1.15,1,,,,,,
26-Jul-25,Zackenberg,12.9,muscids,z726-m120,,0.0028,,2.94,3,,,,,,
26-Jul-25,Zackenberg,9.6,muscids,z726-m08,,0.0017,,29.64,16,,,,,,
26-Jul-25,Zackenberg,11.1,muscids,z726-m18,,0.002,,3.85,1,,,,,,
26-Jul-25,Zackenberg,3.9,muscids,z726-m75,,0.0057,,4.16,1,,,,,,
26-Jul-25,Zackenberg,4.5,muscids,z726-m03,,0.0043,,4.87,4,,,,,,
27-Jul-25,Zackenberg,4.9,craneflies,z727-c5,,0.0479,,149.48,27,,,,,"24h starved, baited with sugar water",
27-Jul-25,Zackenberg,4.9,craneflies,z727-c6,,0.0756,,34.32,7,,,,,,
27-Jul-25,Zackenberg,7.8,craneflies,z727-c7,,0.0505,,5.08,1,,,,,,
27-Jul-25,Zackenberg,7.7,craneflies,z727-c8,,0.0717,,39.57,18,30,HKDT,35,2606,,
27-Jul-25,Zackenberg,12.1,wolf_spider,z727-s107,,0.0171,,6.21,24,30,HKDT,35,3600,,
27-Jul-25,Zackenberg,14.1,wolf_spider,z727-s80,,0.018,,5.5,25,3.1,HKDT,35,3600,,
27-Jul-25,Zackenberg,14.4,wolf_spider,z727-s05,,0.0129,,1.47,5,3.1,HKDT,35,3600,,
27-Jul-25,Zackenberg,15.3,wolf_spider,z727-s92,,0.0288,,3.48,25,,,,,,
27-Jul-25,Zackenberg,14.2,wolf_spider,z727-s131,,0.0186,,4.48,25,30,HKDT,35,3600,,
27-Jul-25,Zackenberg,14.1,wolf_spider,z727-s104,,0.0259,,3.03,25,3.1,HKDT,35,3600,,
27-Jul-25,Zackenberg,22.1,wolf_spider,z727-s13,,0.0113,,3.59,25,30,HKDT,35,3600,,
27-Jul-25,Zackenberg,22.9,wolf_spider,z727-s20,,0.0174,,2.05,25,30,HKDT,35,3600,,
27-Jul-25,Zackenberg,21.1,wolf_spider,z727-s36,,0.0389,,4.84,25,30,HKDT,35,3600,,
30-Jul-25,Zackenberg,,craneflies,z730-c1,,0.1101,,,,3.1,HKDT,30,3600,,
30-Jul-25,Zackenberg,,craneflies,z730-c2,,0.00317,,,,3.1,HKDT,30,799,,
30-Jul-25,Zackenberg,,craneflies,z730-c3,,0.0203,,,,23,HKDT,30,3600,,
30-Jul-25,Zackenberg,,wolf_spider,Z730-S77,,0.011,,,,23,HKDT,30,3600,,
30-Jul-25,Zackenberg,,wolf_spider,Z730-S23,,0.0307,,,,23,HKDT,30,3600,,
30-Jul-25,Zackenberg,,wolf_spider,Z730-S116,,0.0171,,,,23,HKDT,30,3600,,
30-Jul-25,Zackenberg,,wolf_spider,Z730-S52,,0.0074,,,,23,HKDT,30,3600,,
30-Jul-25,Zackenberg,,wolf_spider,Z730-S14,,0.0278,,,,23,HKDT,30,3600,,
30-Jul-25,Zackenberg,,wolf_spider,Z730-S06,,0.0325,,,,23,HKDT,30,3600,,
30-Jul-25,Zackenberg,,wolf_spider,Z730-S91,,0.0064,,,,23,HKDT,30,3600,,
30-Jul-25,Zackenberg,,wolf_spider,Z730-S100,,0.0296,,,,23,HKDT,30,3600,,
30-Jul-25,Zackenberg,,wolf_spider,Z730-S35,,0.0041,,,,23,HKDT,30,3600,,
30-Jul-25,Zackenberg,,wolf_spider,Z730-S140,,0.0121,,,,23,HKDT,30,3600,,
30-Jul-25,Zackenberg,,wolf_spider,Z730-S78,,0.0214,,,,23,HKDT,30,3600,,
30-Jul-25,Zackenberg,,mosquito,Z730-O04,,0.0024,,,,23,HKDT,30,3600,,
30-Jul-25,Zackenberg,,mosquito,Z730-O114,,0.0047,,,,23,HKDT,30,120,26h acclimation,
30-Jul-25,Zackenberg,,mosquito,Z730-O86,,0.003,,,,23,HKDT,30,577,26h acclimation,
30-Jul-25,Zackenberg,,mosquito,Z730-O44,,0.0033,,,,23,HKDT,30,177,26h acclimation,
30-Jul-25,Zackenberg,,mosquito,Z730-O38,,0.0024,,,,23,HKDT,30,3600,26h acclimation,
30-Jul-25,Zackenberg,,mosquito,Z730-O09,,0.0013,,,,23,HKDT,30,512,26h acclimation,
30-Jul-25,Zackenberg,,mosquito,Z730-O84,,0.0026,,,,3.1,HKDT,30,3600,26h acclimation,
30-Jul-25,Zackenberg,,mosquito,Z730-O42,,0.0019,,,,3.1,HKDT,30,204,27h acclimation,
30-Jul-25,Zackenberg,,mosquito,Z730-O130,,0.0042,,,,3.1,HKDT,30,1803,27h acclimation,
30-Jul-25,Zackenberg,,mosquito,Z730-O49,,0.0048,,,,3.1,HKDT,30,1620,27h acclimation,
30-Jul-25,Zackenberg,,mosquito,Z730-O72,,0.0031,,,,3.1,HKDT,30,1200,27h acclimation,
30-Jul-25,Zackenberg,,mosquito,Z730-O109,,0.0027,,,,3.1,HKDT,30,2196,27h acclimation,
30-Jul-25,Zackenberg,,mosquito,Z730-O79,,0.0025,,,,3.1,HKDT,30,480,27h acclimation,
30-Jul-25,Zackenberg,,mosquito,Z730-O45,,0.0026,,,,3.1,HKDT,30,3600,27h acclimation,
30-Jul-25,Zackenberg,,mosquito,Z730-O83,,0.0042,,,,3.1,HKDT,30,496,28h acclimation,
30-Jul-25,Zackenberg,,mosquito,z730-o74,,0.0031,,,,3.1,HKDT,35,360,28h acclimation,
30-Jul-25,Zackenberg,,mosquito,z730-o115,,0.0027,,,,3.1,HKDT,35,411,28h acclimation,
30-Jul-25,Zackenberg,,mosquito,z730-o01,,0.0028,,,,3.1,HKDT,35,854,28h acclimation,
30-Jul-25,Zackenberg,,mosquito,z730-o05,,0.0028,,,,3.1,HKDT,35,998,28h acclimation,
30-Jul-25,Zackenberg,,mosquito,z730-o112,,0.0044,,,,23,HKDT,35,180,28h acclimation,
30-Jul-25,Zackenberg,,mosquito,z730-o101,,0.0038,,,,23,HKDT,35,285,28h acclimation,
31-Jul-25,Zackenberg,,mosquito,z731-o78,,0.0015,,,,23,HKDT,35,120,48h acclimation,
31-Jul-25,Zackenberg,,mosquito,z731-o112,,0.0023,,,,23,HKDT,35,186,48h acclimation,
31-Jul-25,Zackenberg,,mosquito,z731-o14,,0.0026,,,,23,HKDT,35,60,48h acclimation,
31-Jul-25,Zackenberg,,mosquito,z731-o74,,0.0025,,,,23,HKDT,35,427,48h acclimation,
31-Jul-25,Zackenberg,,mosquito,z731-o76,,0.0035,,,,23,HKDT,40,66,,
31-Jul-25,Zackenberg,,mosquito,z731-o19,,0.0044,,,,23,HKDT,40,30,,
31-Jul-25,Zackenberg,,mosquito,z731-o75,,0.0032,,,,23,HKDT,40,30,,
31-Jul-25,Zackenberg,,mosquito,z731-o36,,0.0041,,,,23,HKDT,40,62,,
31-Jul-25,Zackenberg,,mosquito,z731-o102,,0.0028,,,,3.1,HKDT,40,210,,
31-Jul-25,Zackenberg,,mosquito,z731-o13,,0.0051,,,,3.1,HKDT,40,97,,
31-Jul-25,Zackenberg,,mosquito,z731-o18,,0.0028,,,,3.1,HKDT,40,90,,
31-Jul-25,Zackenberg,,muscids,z731-m12,,0.0038,,,,3.1,HKDT,45,145,,
31-Jul-25,Zackenberg,,mosquito,z731-o131,,0.0036,,,,3.1,HKDT,45,92,,
31-Jul-25,Zackenberg,,mosquito,z731-o20,,0.0035,,,,3.1,HKDT,45,102,,
31-Jul-25,Zackenberg,,muscids,z731-m21,,0.0046,,,,23,HKDT,43,62,,
31-Jul-25,Zackenberg,,muscids,z731-m16,,0.005,,,,23,HKDT,43,70,,
31-Jul-25,Zackenberg,,mosquito,z731-o113,,0.0024,,,,23,HKDT,43,80,,
31-Jul-25,Zackenberg,,mosquito,z731-o08,,0.0024,,,,23,HKDT,43,28,,
31-Jul-25,Zackenberg,,mosquito,z731-o150,,0.0029,,,,23,HKDT,43,80,,
31-Jul-25,Zackenberg,,mosquito,z731-o105,,0.0051,,,,23,HKDT,43,106,,
1-Aug-25,Zackenberg,,muscids,z801-m17,,0.0069,,,,3.1,HKDT,43,42,,
1-Aug-25,Zackenberg,,muscids,z801-m103,,0.0102,,,,3.1,HKDT,43,95,,
1-Aug-25,Zackenberg,,muscids,z801-m25,,0.0105,,,,3.1,HKDT,43,99,,
1-Aug-25,Zackenberg,,muscids,z801-m104,,0.0091,,,,3.1,HKDT,43,35,,
1-Aug-25,Zackenberg,,empids,z801-e03,,0.0098,,,,3.1,HKDT,43,159,,
1-Aug-25,Zackenberg,,empids,z801-e22,,0.0094,,,,3.1,HKDT,43,152,,
1-Aug-25,Zackenberg,,empids,z801-e82,,0.0125,,,,3.1,HKDT,43,163,,
1-Aug-25,Zackenberg,,empids,z801-e80,,0.0095,,,,3.1,HKDT,43,200,,
1-Aug-25,Zackenberg,,empids,z801-e81,,0.0127,,,,3.1,HKDT,43,122,,
1-Aug-25,Zackenberg,,wolf_spider,z801-s15,,0.0318,,,,23,HKDT,50,274,,
1-Aug-25,Zackenberg,,wolf_spider,z801-s40,,0.043,,,,23,HKDT,50,295,,
1-Aug-25,Zackenberg,,wolf_spider,z801-s29,,0.0215,,,,23,HKDT,50,279,,
1-Aug-25,Zackenberg,,wolf_spider,z801-s32,,0.0255,,,,23,HKDT,50,263,,
1-Aug-25,Zackenberg,,empids,z801-e92,,0.0072,,,,23,HKDT,50,97,,
1-Aug-25,Zackenberg,,craneflies,Z801-C01,,0.0325,,,,3.1,HKDT,40,374,27h acclimation,
1-Aug-25,Zackenberg,,craneflies,Z801-C02,,0.0121,,,,3.1,HKDT,40,686,27h acclimation,
1-Aug-25,Zackenberg,,craneflies,Z801-C03,,0.0346,,,,3.1,HKDT,40,596,27h acclimation,
1-Aug-25,Zackenberg,,mosquito,z801-o10,,0.0033,,,,3.1,HKDT,45,154,28h acclimation,
1-Aug-25,Zackenberg,,wolf_spider,z801-s86,,0.0205,,,,3.1,HKDT,50,120,28.5h acclimation,
1-Aug-25,Zackenberg,,wolf_spider,z801-s109,,0.0293,,,,3.1,HKDT,50,120,28.5h acclimation,
1-Aug-25,Zackenberg,,wolf_spider,z801-s25,,0.0402,,,,3.1,HKDT,50,120,28.5h acclimation,
1-Aug-25,Zackenberg,,wolf_spider,z801-s106,,0.0372,,,,3.1,HKDT,50,120,28.5h acclimation,
1-Aug-25,Zackenberg,,wolf_spider,z801-s04,,0.0215,,,,3.1,HKDT,50,60,28.5h acclimation,
3-Aug-25,Zackenberg,,mosquito,Z803-o76,,,,,,3.1,HKDT,25,3600,,
3-Aug-25,Zackenberg,,mosquito,Z803-o80,,0.0033,,,,3.1,HKDT,25,3600,,
3-Aug-25,Zackenberg,,mosquito,Z803-o82,,,,,,3.1,HKDT,25,3600,,
3-Aug-25,Zackenberg,,mosquito,Z803-o109,,,,,,3.1,HKDT,25,937,,
3-Aug-25,Zackenberg,,mosquito,Z803-O107,,0.0025,,,,3.1,HKDT,25,3600,,
3-Aug-25,Zackenberg,,mosquito,Z803-O25,,0.0025,,,,3.1,HKDT,30,3600,,
3-Aug-25,Zackenberg,,mosquito,Z803-o78,,,,,,3.1,HKDT,30,3600,25h acclimation,
3-Aug-25,Zackenberg,,mosquito,Z803-o17,,0.0033,,,,3.1,HKDT,30,3600,25h acclimation,
3-Aug-25,Zackenberg,,mosquito,Z803-O81,,0.0055,,,,3.1,HKDT,30,3600,25h acclimation,
3-Aug-25,Zackenberg,,mosquito,Z803-o92,,,,,,3.1,HKDT,30,3600,25h acclimation,
3-Aug-25,Zackenberg,,mosquito,z803-o75,,0.0023,,,,23,HKDT,31,941,26h acclimation,
3-Aug-25,Zackenberg,,mosquito,z803-o131,,0.0037,,,,23,HKDT,31,1254,26h acclimation,
3-Aug-25,Zackenberg,,empids,z803-e16,,0.0071,,,,23,HKDT,31,3600,26h acclimation,
3-Aug-25,Zackenberg,,muscids,z803-m19,,0.0081,,,,23,HKDT,31,3600,26h acclimation,
3-Aug-25,Zackenberg,,mosquito,z803-o04,,0.022,,,,23,HKDT,43,60,28h acclimation,
3-Aug-25,Zackenberg,,mosquito,z803-o18,,0.0038,,,,23,HKDT,43,60,28h acclimation,
3-Aug-25,Zackenberg,,mosquito,z803-o20,,0.0026,,,,23,HKDT,43,60,28h acclimation,
3-Aug-25,Zackenberg,,mosquito,z803-o83,,0.0018,,,,23,HKDT,43,60,28h acclimation,
3-Aug-25,Zackenberg,,mosquito,z803-o21,,0.003,,,,23,HKDT,43,60,28h acclimation,
3-Aug-25,Zackenberg,,mosquito,z803-o25,,0.003,,,,23,HKDT,43,104,28h acclimation,
3-Aug-25,Zackenberg,,mosquito,z803-o35,,,,,,3.1,HKDT,50,20,,
3-Aug-25,Zackenberg,,mosquito,z803-o84,,0.004,,,,3.1,HKDT,50,37,,
3-Aug-25,Zackenberg,,mosquito,z803-o61,,0.0029,,,,3.1,HKDT,50,54,,
3-Aug-25,Zackenberg,,mosquito,z803-o44,,,,,,3.1,HKDT,50,72,,
3-Aug-25,Zackenberg,,mosquito,z803-O141,,0.0024,,,,3.1,HKDT,50,109,,
3-Aug-25,Zackenberg,,mosquito,Z803-O102,,0.0032,,,,3.1,HKDT,50,173,,
3-Aug-25,Zackenberg,,mosquito,Z803-O74,,0.0041,,,,3.1,HKDT,50,139,,
3-Aug-25,Zackenberg,,mosquito,Z803-O100,,0.0022,,,,3.1,HKDT,50,170,,
3-Aug-25,Zackenberg,,mosquito,Z803-O02,,0.0033,,,,3.1,HKDT,50,159,,
3-Aug-25,Zackenberg,,mosquito,Z803-O06,,0.0046,,,,3.1,HKDT,50,90,,
3-Aug-25,Zackenberg,,wolf_spider,Z803-S86,,0.0405,,,,3.1,HKDT,50,298,28h acclimation,
3-Aug-25,Zackenberg,,wolf_spider,Z803-S35,,0.0236,,,,3.1,HKDT,50,240,28h acclimation,
3-Aug-25,Zackenberg,,wolf_spider,Z803-S08,,0.0157,,,,3.1,HKDT,50,145,28h acclimation,
3-Aug-25,Zackenberg,,mosquito,Z803-S05,,0.0264,,,,3.1,HKDT,50,333,28h acclimation,
3-Aug-25,Zackenberg,,mosquito,Z803-O36,,,,,,22,HKDT,50,170,28h acclimation,
3-Aug-25,Zackenberg,,mosquito,Z803-O10,,,,,,22,HKDT,50,224,28h acclimation,
3-Aug-25,Zackenberg,,mosquito,Z803-O41,,,,,,22,HKDT,50,276,28h acclimation,
3-Aug-25,Zackenberg,,mosquito,z803-o79,,0.0038,,,,22,HKDT,49,153,25h acclimation,
3-Aug-25,Zackenberg,,mosquito,z803-o73,,0.0045,,,,22,HKDT,49,102,,
3-Aug-25,Zackenberg,,mosquito,z803-o12,,0.0026,,,,22,HKDT,49,54,,
3-Aug-25,Zackenberg,,mosquito,z803-o01,,,,,,22,HKDT,49,109,,
3-Aug-25,Zackenberg,,mosquito,z803-o11,,0.0047,,,,22,HKDT,49,201,,
3-Aug-25,Zackenberg,,mosquito,z803-o70,,,,,,22,HKDT,47,184,,
3-Aug-25,Zackenberg,,mosquito,z803-o131,,,,,,22,HKDT,47,200,,
3-Aug-25,Zackenberg,,mosquito,z803-o09,,0.0036,,,,22,HKDT,47,139,,
3-Aug-25,Zackenberg,,mosquito,z803-o116,,0.0044,,,,22,HKDT,47,145,,
3-Aug-25,Zackenberg,,mosquito,Z803-O101,,0.0028,,,,3.1,HKDT,42,144,30h acclimation,
3-Aug-25,Zackenberg,,mosquito,Z803-O91,,0.0034,,,,3.1,HKDT,42,47,30h acclimation,
3-Aug-25,Zackenberg,,mosquito,Z803-O130,,,,,,3.1,HKDT,42,59,30h acclimation,
3-Aug-25,Zackenberg,,mosquito,Z803-O29,,0.0024,,,,3.1,HKDT,42,57,30h acclimation,
3-Aug-25,Zackenberg,,empids,Z803-E111,,0.0102,,,,3.1,HKDT,45,113,30h acclimation,
3-Aug-25,Zackenberg,,mosquito,Z803-O108,,0.003,,,,3.1,HKDT,45,58,30h acclimation,
3-Aug-25,Zackenberg,,mosquito,Z803-O38,,,,,,3.1,HKDT,45,131,30h acclimation,
3-Aug-25,Zackenberg,,mosquito,Z803-O112,,0.0064,,,,22,HKDT,48,132,30h acclimation,
3-Aug-25,Zackenberg,,mosquito,Z803-O74,,0.0024,,,,22,HKDT,48,114,30h acclimation,
3-Aug-25,Zackenberg,,mosquito,Z803-O44,,,,,,22,HKDT,48,90,30h acclimation,
3-Aug-25,Zackenberg,,mosquito,Z803-O117,,0.0036,,,,22,HKDT,48,49,30h acclimation,
3-Aug-25,Zackenberg,,mosquito,Z803-O03,,0.003,,,,22,HKDT,48,102,30h acclimation,
3-Aug-25,Zackenberg,,mosquito,z803-o150,,0.0021,,,,22,HKDT,50,99,30h acclimation,
3-Aug-25,Zackenberg,,mosquito,z803-o106,,0.003,,,,22,HKDT,50,94,30h acclimation,
3-Aug-25,Zackenberg,,mosquito,z803-o103,,0.0036,,,,22,HKDT,50,35,30h acclimation,
3-Aug-25,Zackenberg,,mosquito,z803-o114,,0.0018,,,,22,HKDT,38,743,30h acclimation,
3-Aug-25,Zackenberg,,mosquito,z803-o105,,0.0035,,,,22,HKDT,38,394,30h acclimation,
3-Aug-25,Zackenberg,,mosquito,z803-o07,,,,,,22,HKDT,38,590,30h acclimation,
4-Aug-25,Zackenberg,,muscids,z804-m77,,0.0034,,,,22,HKDT,45,104,,
4-Aug-25,Zackenberg,,muscids,z804-m45,,0.0137,,,,22,HKDT,45,195,,
4-Aug-25,Zackenberg,,empids,z804-e120,,0.0086,,,,22,HKDT,45,230,,
,,,,,,,,,,,,,,,
