"","Date","Location","loc_temp","Taxon","Sample_ID","Body_Length_cm","Weight_g","Size_cat","Time_sec","Distance_cm","Acclim_temp","test","Temp","end_time_s","Notes","X","movement","speed","temp_range"
"1","12-Jun-25","Nuuk",21.3,"wolf_spider","WS1-N12",0.4,0.0079,"S",4.3,25,NA,"Ctmax",43,"","","","yes",5.81395348837209,"20-25"
"2","12-Jun-25","Nuuk",21.6,"wolf_spider","WS2-N12",0.5,0.0124,"S",6.61,25,NA,"Ctmax",42,"","","","yes",3.7821482602118,"20-25"
"3","12-Jun-25","Nuuk",21.1,"wolf_spider","WS3-N12",0.1,0.0065,"S",3,25,NA,"Ctmax",41,"","","","yes",8.33333333333333,"20-25"
"4","12-Jun-25","Nuuk",20.8,"wolf_spider","WS4-N12",0.6,0.0203,"S",7.47,25,NA,"Ctmax",40,"","","","yes",3.34672021419009,"20-25"
"5","12-Jun-25","Nuuk",21.1,"wolf_spider","WS5-N12",0.8,NA,NA,3,25,NA,"Ctmax",42,"","","","yes",8.33333333333333,"20-25"
"6","12-Jun-25","Nuuk",21.2,"wolf_spider","WS6-N12",NA,NA,NA,2.63,25,NA,"HKDT",43.5,"748","","","yes",9.50570342205323,"20-25"
"7","12-Jun-25","Nuuk",21.1,"wolf_spider","WS7-N12",0.6,0.0176,"S",2.04,25,NA,"HKDT",43.5,"796","","","yes",12.2549019607843,"20-25"
"8","12-Jun-25","Nuuk",21.3,"wolf_spider","WS8-N12",0.9,0.0944,"L",11.12,25,NA,"HKDT",43.5,"167","","","yes",2.24820143884892,"20-25"
"9","12-Jun-25","Nuuk",21.4,"wolf_spider","WS9-N12",0.5,0.0589,"L",NA,0,NA,"HKDT",43.5,"775","","","no",NA,"20-25"
"10","12-Jun-25","Nuuk",21.2,"wolf_spider","WS10-N12",0.4,0.0134,"S",4.3,25,NA,"HKDT",43.5,"65","","","yes",5.81395348837209,"20-25"
"11","12-Jun-25","Nuuk",21.3,"wolf_spider","WS11-N12",0.4,0.0203,"S",4.65,25,NA,"HKDT",43.5,"170","","","yes",5.37634408602151,"20-25"
"12","12-Jun-25","Nuuk",21.4,"wolf_spider","WS12-N12",0.3,0.0183,"S",4.26,25,NA,"HKDT",43.5,"315","","","yes",5.86854460093897,"20-25"
"13","12-Jun-25","Nuuk",21.4,"wolf_spider","WS13-N12",0.1,0.0039,"S",14.85,14,NA,"HKDT",43.5,"50","","","yes",0.942760942760943,"20-25"
"14","12-Jun-25","Nuuk",21.3,"wolf_spider","WS14-N12",0.3,0.0156,"S",5.9,25,NA,"HKDT",43.5,"50","","","yes",4.23728813559322,"20-25"
"15","12-Jun-25","Nuuk",21.6,"wolf_spider","WS15-N12",0.3,0.0031,"S",NA,0,NA,"HKDT",43.5,"15","fail","","no",NA,"20-25"
"16","12-Jun-25","Nuuk",21.2,"wolf_spider","WS16-N12",0.4,0.0213,"S",4,25,NA,"HKDT",43.5,"165","","","yes",6.25,"20-25"
"17","12-Jun-25","Nuuk",21.2,"wolf_spider","WS17-N12",0.2,0.0107,"S",2.24,13,NA,"HKDT",43.5,"26","","","yes",5.80357142857143,"20-25"
"18","12-Jun-25","Nuuk",21.2,"wolf_spider","WS18-N12",0.4,0.0203,"S",4.1,25,NA,"HKDT",43.5,"115","notes say > 5min","","yes",6.09756097560976,"20-25"
"19","13-Jun-25","Nuuk",22.8,"weevil","BT1-N13",0.04,0.0406,"L",6.93,4,NA,"CCRT",NA,"","","","yes",0.577200577200577,"20-25"
"20","13-Jun-25","Nuuk",22.8,"weevil","BT2-N13",0.04,0.0374,"S",84,25,NA,"CCRT",NA,"","","","yes",0.297619047619048,"20-25"
"21","13-Jun-25","Nuuk",22.8,"weevil","BT3-N13",0.07,0.0527,"L",19.48,25,NA,"CCRT",NA,"","","","yes",1.28336755646817,"20-25"
"22","13-Jun-25","Nuuk",22.8,"weevil","BT4-N13",0.075,0.0495,"L",20.03,10,NA,"CCRT",NA,"","","","yes",0.499251123315027,"20-25"
"23","13-Jun-25","Nuuk",22.8,"weevil","BT5-N13",0.06,0.0373,"S",28.58,16,NA,"CCRT",NA,"","","","yes",0.559832050384885,"20-25"
"24","13-Jun-25","Nuuk",22.8,"weevil","BT6-N13",0.08,0.0418,"L",31.85,20,NA,"CCRT",NA,"","","","yes",0.627943485086342,"20-25"
"25","13-Jun-25","Nuuk",22.8,"weevil","BT7-N13",NA,0.0479,"L",7.99,3,NA,"CCRT",NA,"","","","yes",0.375469336670839,"20-25"
"26","13-Jun-25","Nuuk",22.8,"weevil","BT8-N13",NA,0.0458,"L",28.35,24,NA,"CCRT",NA,"","","","yes",0.846560846560847,"20-25"
"27","13-Jun-25","Nuuk",22.8,"weevil","BT9-N13",NA,0.0402,"L",24.72,13,NA,"CCRT",NA,"","","","yes",0.52588996763754,"20-25"
"28","13-Jun-25","Nuuk",22.8,"weevil","BT10-N13",NA,0.0496,"L",40.09,25,NA,"CCRT",NA,"","","","yes",0.623596906959341,"20-25"
"29","13-Jun-25","Nuuk",22.8,"weevil","BT11-N13",NA,0.0465,"L",4.06,4,NA,"CCRT",NA,"","","","yes",0.985221674876847,"20-25"
"30","13-Jun-25","Nuuk",22.8,"weevil","BT12-N13",NA,0.0452,"L",22.71,25,NA,"CCRT",NA,"","","","yes",1.10083663584324,"20-25"
"31","13-Jun-25","Nuuk",10,"weevil","BT14-N13",0.07,0.0427,"L",76,23,NA,"CCRT",0.6,"85","","","yes",0.302631578947368,"10-15"
"32","13-Jun-25","Nuuk",11.7,"weevil","BT15-N13",0.07,0.0499,"L",107,24,NA,"CCRT",0.6,"198","","","yes",0.224299065420561,"10-15"
"33","13-Jun-25","Nuuk",11.9,"weevil","BT16-N13",0.065,0.0374,"S",55,14,NA,"CCRT",0.6,"191","","","yes",0.254545454545455,"10-15"
"34","13-Jun-25","Nuuk",12.8,"weevil","BT17-N13",0.07,0.048,"L",21,6,NA,"CCRT",0.6,"30","","","yes",0.285714285714286,"10-15"
"35","13-Jun-25","Nuuk",13.8,"weevil","BT18-N13",0.07,0.0406,"L",54,14,NA,"CCRT",0.6,"76","","","yes",0.259259259259259,"10-15"
"36","13-Jun-25","Nuuk",10.8,"weevil","BT19-N13",0.075,0.0449,"L",43,10.5,NA,"CCRT",0.6,"96","","","yes",0.244186046511628,"10-15"
"37","13-Jun-25","Nuuk",10.7,"weevil","BT20-N13",0.08,0.0445,"L",NA,0,NA,"CCRT",0.6,"119","fail","","no",NA,"10-15"
"38","13-Jun-25","Nuuk",10.7,"weevil","BT21-N13",0.08,0.463,"L",40,8,NA,"CCRT",0.6,"245","","","yes",0.2,"10-15"
"39","13-Jun-25","Nuuk",10.7,"weevil","BT22-N13",0.06,0.0387,"S",57,14.7,NA,"CCRT",0.6,"101","","","yes",0.257894736842105,"10-15"
"40","13-Jun-25","Nuuk",37,"weevil","BT23-N13",0.07,0.0365,"S",24.94,14,NA,"CCRT",0.6,">600","","","yes",0.561347233360064,"35-40"
"41","13-Jun-25","Nuuk",35.9,"weevil","BT24-N13",0.075,0.0426,"L",24.65,13.5,NA,"CCRT",0.6,"209","","","yes",0.547667342799189,"35-40"
"42","13-Jun-25","Nuuk",32.6,"weevil","BT25-N13",0.07,0.0455,"L",19.56,11,NA,"CCRT",0.6,"275","","","yes",0.562372188139059,"30-35"
"43","13-Jun-25","Nuuk",34.1,"weevil","BT26-N13",0.065,0.0444,"L",23.76,12,NA,"CCRT",0.6,"94","","","yes",0.505050505050505,"30-35"
"44","13-Jun-25","Nuuk",34.1,"weevil","BT27-N13",0.065,0.0365,"S",25.37,25,NA,"CCRT",0.6,"91","","","yes",0.985415845486795,"30-35"
"45","13-Jun-25","Nuuk",21.9,"muscids","F1-N13",NA,NA,NA,10,25,NA,"CCRT",-23,"","all did not recover, failed test","","yes",2.5,"20-25"
"46","13-Jun-25","Nuuk",21.9,"muscids","F2-N13",NA,0.0133,"S",NA,0,NA,"CCRT",-23,"","fail","","no",NA,"20-25"
"47","13-Jun-25","Nuuk",21.9,"muscids","F4-N13",NA,0.0103,"S",8.91,25,NA,"CCRT",-23,"","","","yes",2.80583613916947,"20-25"
"48","13-Jun-25","Nuuk",21.9,"muscids","F5-N13",NA,0.0091,"S",13.54,25,NA,"CCRT",-23,"","","","yes",1.84638109305761,"20-25"
"49","13-Jun-25","Nuuk",21.9,"muscids","F6-N13",NA,0.0149,"S",13.73,25,NA,"CCRT",-23,"","","","yes",1.82083029861617,"20-25"
"50","13-Jun-25","Nuuk",21.9,"muscids","F7-N13",NA,0.0124,"S",3.87,5,NA,"CCRT",-23,"","","","yes",1.29198966408269,"20-25"
"51","13-Jun-25","Nuuk",21.9,"muscids","F8-N13",NA,0.0158,"S",14.26,12,NA,"CCRT",-23,"","","","yes",0.841514726507714,"20-25"
"52","13-Jun-25","Nuuk",21.9,"muscids","F9-N13",NA,0.0072,"S",NA,0,NA,"CCRT",-23,"","fail","","no",NA,"20-25"
"53","13-Jun-25","Nuuk",21.9,"muscids","F10-N13",NA,0.0063,"S",NA,0,NA,"CCRT",-23,"","fail","","no",NA,"20-25"
"54","13-Jun-25","Nuuk",21.9,"muscids","F11-N13",NA,0.0099,"S",13.97,3,NA,"CCRT",-23,"","","","yes",0.214745884037223,"20-25"
"55","13-Jun-25","Nuuk",21.9,"muscids","F12-N13",NA,0.0086,"S",10.22,24,NA,"CCRT",-23,"","","","yes",2.34833659491194,"20-25"
"56","13-Jun-25","Nuuk",21.9,"muscids","F13-N13",NA,0.008,"S",11.91,25,NA,"CCRT",-23,"","","","yes",2.09907640638119,"20-25"
"57","13-Jun-25","Nuuk",11.8,"muscids","M9-N13",0.5,0.0061,"S",22.04,13,NA,"HKDT",38,"2330","","","yes",0.58983666061706,"10-15"
"58","13-Jun-25","Nuuk",11.9,"muscids","M10-N13",0.4,0.0036,"S",11.75,2,NA,"HKDT",38,"3282","","","yes",0.170212765957447,"10-15"
"59","13-Jun-25","Nuuk",11.6,"muscids","M11-N13",0.45,0.0035,"S",31.46,25,NA,"HKDT",38,"3089","","","yes",0.794659885568976,"10-15"
"60","13-Jun-25","Nuuk",11.2,"muscids","M12-N13",0.4,0.0026,"S",12.7,4,NA,"",NA,"","","","yes",0.31496062992126,"10-15"
"61","13-Jun-25","Nuuk",11.1,"muscids","M13-N13",0.55,0.0083,"S",29.04,15,NA,"",NA,"","","","yes",0.516528925619835,"10-15"
"62","13-Jun-25","Nuuk",11.7,"muscids","M14-N13",0.5,0.0074,"S",NA,0,NA,"",NA,"","fail","","no",NA,"10-15"
"63","13-Jun-25","Nuuk",11,"muscids","M15-N13",0.5,0.0052,"S",37.74,13,NA,"",NA,"","","","yes",0.344462109167992,"10-15"
"64","13-Jun-25","Nuuk",10.9,"muscids","M16-N13",0.45,0.005,"S",NA,0,NA,"",NA,"","fail","","no",NA,"10-15"
"65","15-Jun-25","Nuuk",27.5,"muscids","U2-N15",NA,0.0016,"S",NA,NA,NA,"",NA,"","potential escapee","",NA,NA,"25-30"
"66","16-Jun-25","Nuuk",28.5,"muscids","U4-N15",NA,0.0013,"S",19.07,8,NA,"",NA,"","","","yes",0.419507079181961,"25-30"
"67","17-Jun-25","Kobbefjord",14.6,"wolf_spider","1A-K17",NA,NA,NA,2.46,25,NA,"CCRT",0.8,"0.34","","","yes",10.1626016260163,"10-15"
"68","17-Jun-25","Kobbefjord",14.6,"wolf_spider","2A-K17",NA,NA,NA,4.59,25,NA,"CCRT",0.8,"62","","","yes",5.44662309368192,"10-15"
"69","17-Jun-25","Kobbefjord",14.7,"wolf_spider","3A-K17",NA,NA,NA,7.81,25,NA,"CCRT",0.8,"69","","","yes",3.20102432778489,"10-15"
"70","17-Jun-25","Kobbefjord",14.8,"wolf_spider","4A-K17",NA,NA,NA,2.7,5,NA,"CCRT",0.8,"66","","","yes",1.85185185185185,"10-15"
"71","17-Jun-25","Kobbefjord",14.9,"wolf_spider","5A-K17",NA,NA,NA,1,25,NA,"CCRT",0.8,"0.5","","","yes",25,"10-15"
"72","17-Jun-25","Kobbefjord",3.8,"wolf_spider","1B-K17",NA,NA,NA,13.88,25,NA,"CCRT",0.8,"0.55","","","yes",1.80115273775216,"0-5"
"73","17-Jun-25","Kobbefjord",3.7,"wolf_spider","2B-K17",NA,NA,NA,5.89,25,NA,"CCRT",0.8,NA,"dead","","yes",4.24448217317487,"0-5"
"74","17-Jun-25","Kobbefjord",3.7,"wolf_spider","3B-K17",NA,NA,NA,13.28,25,NA,"CCRT",0.8,"0.46","","","yes",1.88253012048193,"0-5"
"75","17-Jun-25","Kobbefjord",3.8,"wolf_spider","4B-K17",NA,NA,NA,10.29,25,NA,"CCRT",0.8,"220","","","yes",2.42954324586978,"0-5"
"76","17-Jun-25","Kobbefjord",3,"wolf_spider","5B-K17",NA,NA,NA,30.92,25,NA,"CCRT",0.8,"0.59","","","yes",0.808538163001294,"0-5"
"77","17-Jun-25","Kobbefjord",29.9,"wolf_spider","1C-K17",NA,NA,NA,61,25,NA,"",NA,"","","","yes",0.409836065573771,"25-30"
"78","17-Jun-25","Kobbefjord",32,"wolf_spider","2C-K17",NA,NA,NA,19.37,25,NA,"",NA,"","","","yes",1.29065565307176,"30-35"
"79","17-Jun-25","Kobbefjord",31,"wolf_spider","3C-K17",NA,NA,NA,7.47,25,NA,"",NA,"","","","yes",3.34672021419009,"30-35"
"80","17-Jun-25","Kobbefjord",31,"wolf_spider","4C-K17",NA,NA,NA,28.9,8,NA,"",NA,"","","","yes",0.27681660899654,"30-35"
"81","17-Jun-25","Kobbefjord",32,"wolf_spider","5C-K17",NA,NA,NA,10.33,14,NA,"",NA,"","","","yes",1.35527589545015,"30-35"
"82","17-Jun-25","Kobbefjord",39,"wolf_spider","1D-K17",NA,NA,NA,7.12,25,NA,"",NA,"","","","yes",3.51123595505618,"35-40"
"83","17-Jun-25","Kobbefjord",39,"wolf_spider","2D-K17",NA,NA,NA,9.37,25,NA,"",NA,"","","","yes",2.66808964781217,"35-40"
"84","17-Jun-25","Kobbefjord",42,"wolf_spider","3D-K17",NA,NA,NA,NA,0,NA,"",NA,"","fail","","no",NA,"40-45"
"85","17-Jun-25","Kobbefjord",42,"wolf_spider","4D-K17",NA,NA,NA,2.44,25,NA,"",NA,"","questionable start temp","","yes",10.2459016393443,"40-45"
"86","17-Jun-25","Kobbefjord",40.4,"wolf_spider","5D-K17",NA,NA,NA,2.37,4,NA,"",NA,"","","","yes",1.68776371308017,"40-45"
"87","17-Jun-25","Kobbefjord",37.9,"wolf_spider","6D-K17",NA,NA,NA,2.89,25,NA,"",NA,"","questionable start temp","","yes",8.65051903114187,"35-40"
"88","17-Jun-25","Kobbefjord",39.9,"weevil","W1A-K17",NA,NA,NA,32.6,8,NA,"",NA,"","","","yes",0.245398773006135,"35-40"
"89","17-Jun-25","Kobbefjord",38,"weevil","W2A-K17",NA,NA,NA,15.93,3,NA,"",NA,"","","","yes",0.188323917137476,"35-40"
"90","17-Jun-25","Kobbefjord",38.4,"weevil","W3A-K17",NA,NA,NA,NA,0,NA,"",NA,"","","","no",NA,"35-40"
"91","17-Jun-25","Kobbefjord",38,"weevil","W4A-K17",NA,NA,NA,34.52,15,NA,"",NA,"","","","yes",0.434530706836616,"35-40"
"92","17-Jun-25","Kobbefjord",38.1,"weevil","W5A-K17",NA,NA,NA,29.09,17,NA,"",NA,"","","","yes",0.584393262289447,"35-40"
"93","17-Jun-25","Kobbefjord",40.2,"weevil","W6A-K17",NA,NA,NA,13.13,2,NA,"",NA,"","","","yes",0.152322924600152,"40-45"
"94","17-Jun-25","Kobbefjord",38,"weevil","W7A-K17",NA,NA,NA,3.66,3,NA,"",NA,"","","","yes",0.819672131147541,"35-40"
"95","17-Jun-25","Kobbefjord",38,"weevil","W8A-K17",NA,NA,NA,17.86,2,NA,"",NA,"","","","yes",0.111982082866741,"35-40"
"96","17-Jun-25","Kobbefjord",39.3,"weevil","W9A-K17",NA,NA,NA,36.63,25,NA,"",NA,"","","","yes",0.682500682500682,"35-40"
"97","17-Jun-25","Kobbefjord",40,"weevil","W10A-K17",NA,NA,NA,NA,0,NA,"",NA,"","","","no",NA,"40-45"
"98","17-Jun-25","Nuuk",29.5,"muscids","U5-N15",NA,0.0044,"S",25.81,25,NA,"",NA,"","","","yes",0.968616815187912,"25-30"
"99","18-Jun-25","Kobbefjord",3.4,"weevil","W1-K18",NA,NA,NA,54.11,2,NA,"",NA,"","","","yes",0.0369617445943449,"0-5"
"100","18-Jun-25","Kobbefjord",3.5,"weevil","W2-K18",NA,NA,NA,58,25,NA,"",NA,"","","","yes",0.431034482758621,"0-5"
"101","18-Jun-25","Kobbefjord",3.6,"weevil","W4-K18",NA,NA,NA,108,13,NA,"",NA,"","","","yes",0.12037037037037,"0-5"
"102","18-Jun-25","Kobbefjord",2.7,"weevil","W5-K18",NA,NA,NA,83,4,NA,"",NA,"","","","yes",0.0481927710843374,"0-5"
"103","18-Jun-25","Kobbefjord",3.8,"weevil","W6-K18",NA,NA,NA,257,25,NA,"",NA,"","","","yes",0.0972762645914397,"0-5"
"104","18-Jun-25","Kobbefjord",3.9,"weevil","W7-K18",NA,NA,NA,NA,0,NA,"",NA,"","","","no",NA,"0-5"
"105","18-Jun-25","Kobbefjord",3.8,"weevil","W8-K18",NA,NA,NA,99,4,NA,"",NA,"","","","yes",0.0404040404040404,"0-5"
"106","18-Jun-25","Kobbefjord",0.9,"muscids","M3-K18",NA,NA,NA,36.69,24,NA,"CCRT",0.26,"","","","yes",0.654129190515127,"0-5"
"107","18-Jun-25","Kobbefjord",0.6,"muscids","M1-K18",NA,NA,NA,20.73,20,NA,"CCRT",0.12,"","","","yes",0.964785335262904,"0-5"
"108","18-Jun-25","Kobbefjord",0.7,"muscids","M2-K18",NA,NA,NA,13.9,3,NA,"CCRT",0.22,"","","","yes",0.215827338129496,"0-5"
"109","18-Jun-25","Kobbefjord",0.9,"muscids","M5-K18",NA,NA,NA,6.94,2,NA,"CCRT",0.32,"","","","yes",0.288184438040346,"0-5"
"110","18-Jun-25","Kobbefjord",4,"muscids","M6-K18",NA,NA,NA,3.5,2,NA,"CCRT",0.34,"","","","yes",0.571428571428571,"0-5"
"111","18-Jun-25","Kobbefjord",5.9,"muscids","M7-K18",NA,NA,NA,NA,0,NA,"CCRT",0.38,"","fail","","no",NA,"5-10"
"112","18-Jun-25","Kobbefjord",6.8,"muscids","M8-K18",NA,NA,NA,NA,0,NA,"CCRT",0.42,"","fail","","no",NA,"5-10"
"113","18-Jun-25","Kobbefjord",2.3,"muscids","M9-K18",NA,NA,NA,NA,0,NA,"CCRT",0.45,"","fail","","no",NA,"0-5"
"114","18-Jun-25","Kobbefjord",2.6,"muscids","M10-K18",NA,NA,NA,NA,0,NA,"CCRT",0.49,"","fail","","no",NA,"0-5"
"115","12-Jun-25","Kobbefjord",15,"lady_bird","C1-N12",0.04,0.0187,"S",13.29,3,NA,"HKDT",NA,"","","","yes",0.225733634311512,"15-20"
"116","12-Jun-25","Kobbefjord",13.8,"lady_bird","C2-N12",0.04,0.0146,"S",15.32,7,NA,"",NA,"","","","yes",0.456919060052219,"10-15"
"117","12-Jun-25","Kobbefjord",13.4,"lady_bird","C5-N12",0.04,0.0257,"S",19.68,13,NA,"",NA,"","","","yes",0.660569105691057,"10-15"
"118","12-Jun-25","Kobbefjord",15.1,"lady_bird","C4-N12",0.03,0.0144,"S",NA,0,NA,"",NA,"","","","no",NA,"15-20"
"119","12-Jun-25","Kobbefjord",14.6,"lady_bird","C3-N12",0.03,NA,NA,20.3,13,NA,"",NA,"","","","yes",0.640394088669951,"10-15"
"120","12-Jun-25","Kobbefjord",11.1,"syrphids","M7-N12",0.65,0.0085,"S",NA,0,NA,"HKDT",38,"269","fail","","no",NA,"10-15"
"121","12-Jun-25","Kobbefjord",11.6,"syrphids","M8-N12",0.6,0.0046,"S",16.77,3.5,NA,"HKDT",38,"1305","","","yes",0.208706022659511,"10-15"
"122","12-Jun-25","Kobbefjord",27.5,"syrphids","S1-N12",NA,NA,NA,NA,0,NA,"HKDT",NA,"360","","","no",NA,"25-30"
"123","12-Jun-25","Kobbefjord",27.9,"syrphids","S3-N12",NA,NA,NA,NA,0,NA,"HKDT",NA,"","","","no",NA,"25-30"
"124","12-Jun-25","Kobbefjord",27.7,"syrphids","U6-N12",NA,NA,NA,NA,0,NA,"HKDT",NA,"","","","no",NA,"25-30"
"125","19-Jun-25","Kobbefjord",1.7,"wolf_spider","K19-WS1",NA,0.0466,"L",30.65,25,NA,"HKDT",NA,"","","","yes",0.815660685154976,"0-5"
"126","19-Jun-25","Kobbefjord",1.1,"wolf_spider","K19-WS2",NA,0.0532,"L",47.34,23,NA,"",NA,"","acclimated at cold","","yes",0.485847063793832,"0-5"
"127","19-Jun-25","Kobbefjord",1.1,"wolf_spider","K19-WS3",NA,0.0393,"S",41.11,22,NA,"",NA,"","acclimated at cold","","yes",0.535149598637801,"0-5"
"128","19-Jun-25","Kobbefjord",1.1,"wolf_spider","K19-WS4",NA,0.0119,"S",17.93,3,NA,"",NA,"","acclimated at cold","","yes",0.167317345231456,"0-5"
"129","19-Jun-25","Kobbefjord",1.5,"wolf_spider","K19-WS5",NA,0.0965,"L",31.54,6,NA,"",NA,"","acclimated at cold","","yes",0.190234622701332,"0-5"
"130","19-Jun-25","Kobbefjord",7.8,"wolf_spider","K19-WS6",NA,0.0088,"S",12.65,25,NA,"",NA,"","acclimated at cold","","yes",1.97628458498024,"5-10"
"131","19-Jun-25","Kobbefjord",7.6,"wolf_spider","K19-WS7",NA,0.063,"L",15.51,25,NA,"",NA,"","acclimated at cold","","yes",1.61186331399097,"5-10"
"132","19-Jun-25","Kobbefjord",7.7,"wolf_spider","K19-WS8",NA,0.0437,"L",7.92,25,NA,"",NA,"","acclimated at cold","","yes",3.15656565656566,"5-10"
"133","19-Jun-25","Kobbefjord",7.8,"wolf_spider","K19-WS9",NA,0.0088,"S",12.3,4,NA,"",NA,"","acclimated at cold","","yes",0.32520325203252,"5-10"
"134","19-Jun-25","Kobbefjord",7.5,"wolf_spider","K19-WS10",NA,0.0786,"L",8.96,17,NA,"",NA,"","acclimated at cold","","yes",1.89732142857143,"5-10"
"135","19-Jun-25","Kobbefjord",7.6,"wolf_spider","K19-WS11",NA,0.051,"L",7.54,25,NA,"",NA,"","acclimated at cold","","yes",3.31564986737401,"5-10"
"136","19-Jun-25","Kobbefjord",1.1,"wolf_spider","K19-WS12",NA,0.0478,"L",15.31,25,NA,"",NA,"","acclimated at cold","","yes",1.63291966035271,"0-5"
"137","19-Jun-25","Kobbefjord",0.8,"wolf_spider","K19-WS13",NA,NA,NA,7.33,3,NA,"",NA,"","acclimated at cold","","yes",0.409276944065484,"0-5"
"138","19-Jun-25","Kobbefjord",1.2,"wolf_spider","K19-WS14",NA,0.0048,"S",14.1,6,NA,"",NA,"","acclimated at cold","","yes",0.425531914893617,"0-5"
"139","19-Jun-25","Kobbefjord",7.1,"wolf_spider","K19-WS15",NA,0.0656,"L",5.38,25,NA,"",NA,"","acclimated at cold","","yes",4.64684014869889,"5-10"
"140","19-Jun-25","Kobbefjord",7.4,"wolf_spider","K19-WS16",NA,0.0886,"L",7.14,25,NA,"",NA,"","acclimated at cold","","yes",3.50140056022409,"5-10"
"141","19-Jun-25","Kobbefjord",7.6,"wolf_spider","K19-WS17",NA,0.0469,"L",14.18,25,NA,"",NA,"","acclimated at cold","","yes",1.76304654442877,"5-10"
"142","19-Jun-25","Kobbefjord",7.4,"wolf_spider","K19-WS18",NA,0.0268,"S",11,25,NA,"",NA,"","acclimated at cold","","yes",2.27272727272727,"5-10"
"143","19-Jun-25","Kobbefjord",13.8,"wolf_spider","K19-WS19",NA,0.0096,"S",4.29,25,NA,"",NA,"","acclimated at ambient","","yes",5.82750582750583,"10-15"
"144","19-Jun-25","Kobbefjord",13.9,"wolf_spider","K19-WS20",NA,0.0484,"L",7.14,16,NA,"",NA,"","acclimated at ambient","","yes",2.24089635854342,"10-15"
"145","19-Jun-25","Kobbefjord",13.7,"wolf_spider","K19-WS21",NA,0.0048,"S",5.32,25,NA,"",NA,"","acclimated at ambient","","yes",4.69924812030075,"10-15"
"146","19-Jun-25","Kobbefjord",13.7,"wolf_spider","K19-WS22",NA,0.0083,"S",5.71,25,NA,"",NA,"","acclimated at ambient","","yes",4.37828371278459,"10-15"
"147","19-Jun-25","Kobbefjord",14.2,"wolf_spider","K19-WS23",NA,0.0112,"S",5.46,4,NA,"",NA,"","acclimated at ambient","","yes",0.732600732600733,"10-15"
"148","19-Jun-25","Kobbefjord",13.8,"wolf_spider","K19-WS24",NA,0.053,"L",5.6,4,NA,"",NA,"","acclimated at ambient","","yes",0.714285714285714,"10-15"
"149","19-Jun-25","Kobbefjord",13.9,"wolf_spider","K19-WS25",NA,0.0593,"L",8.37,25,NA,"",NA,"","acclimated at ambient","","yes",2.9868578255675,"10-15"
"150","19-Jun-25","Kobbefjord",13.8,"wolf_spider","K19-WS26",NA,0.04551,"L",2.31,25,NA,"",NA,"","acclimated at ambient","","yes",10.8225108225108,"10-15"
"151","19-Jun-25","Kobbefjord",14.1,"wolf_spider","K19-WS27",NA,0.0566,"L",2.51,25,NA,"",NA,"","acclimated at ambient","","yes",9.9601593625498,"10-15"
"152","19-Jun-25","Kobbefjord",26.8,"wolf_spider","K19-WS28",NA,0.0568,"L",3.25,25,NA,"",NA,"","acclimated at ambient","","yes",7.69230769230769,"25-30"
"153","19-Jun-25","Kobbefjord",26.7,"wolf_spider","K19-WS29",NA,0.0195,"S",7.42,11,NA,"",NA,"","acclimated at hot","","yes",1.48247978436658,"25-30"
"154","19-Jun-25","Kobbefjord",26.8,"wolf_spider","K19-WS30",NA,0.0564,"L",2.05,25,NA,"",NA,"","acclimated at hot","","yes",12.1951219512195,"25-30"
"155","19-Jun-25","Kobbefjord",27.4,"wolf_spider","K19-WS31",NA,0.0431,"L",2.3,25,NA,"",NA,"","acclimated at ambient","","yes",10.8695652173913,"25-30"
"156","19-Jun-25","Kobbefjord",26.9,"wolf_spider","K19-WS32",NA,0.035,"S",6.37,25,NA,"",NA,"","acclimated at ambient","","yes",3.92464678178964,"25-30"
"157","19-Jun-25","Kobbefjord",27.4,"wolf_spider","K19-WS33",NA,0.0512,"L",3.75,25,NA,"",NA,"","acclimated at hot","","yes",6.66666666666667,"25-30"
"158","19-Jun-25","Kobbefjord",28,"wolf_spider","K19-WS34",NA,NA,NA,1.39,25,NA,"",NA,"","acclimated at hot","","yes",17.9856115107914,"25-30"
"159","19-Jun-25","Kobbefjord",27.8,"wolf_spider","K19-WS35",NA,NA,NA,7.8,25,NA,"",NA,"","acclimated at ambient","","yes",3.20512820512821,"25-30"
"160","19-Jun-25","Kobbefjord",36.5,"wolf_spider","K19-WS36",NA,NA,NA,2.5,25,NA,"",NA,"","acclimated at hot","","yes",10,"35-40"
"161","19-Jun-25","Kobbefjord",38,"wolf_spider","K19-WS37",NA,NA,NA,5.48,19,NA,"",NA,"","acclimated at hot","","yes",3.46715328467153,"35-40"
"162","19-Jun-25","Kobbefjord",37.2,"wolf_spider","K19-WS38",NA,NA,NA,4.07,25,NA,"",NA,"","acclimated at hot","","yes",6.14250614250614,"35-40"
"163","19-Jun-25","Kobbefjord",37.7,"wolf_spider","K19-WS39",NA,NA,NA,1.13,25,NA,"",NA,"","acclimated at hot","","yes",22.1238938053097,"35-40"
"164","19-Jun-25","Kobbefjord",38.2,"wolf_spider","K19-WS40",NA,NA,NA,2.5,25,NA,"",NA,"","acclimated at hot","","yes",10,"35-40"
"165","19-Jun-25","Kobbefjord",37.7,"wolf_spider","K19-WS41",NA,NA,NA,2.51,25,NA,"",NA,"","acclimated at hot","","yes",9.9601593625498,"35-40"
"166","19-Jun-25","Kobbefjord",45.3,"wolf_spider","K19-WS42",NA,NA,NA,2.64,25,NA,"",NA,"","acclimated at hot","","yes",9.46969696969697,"45-50"
"167","19-Jun-25","Kobbefjord",45.8,"wolf_spider","K19-WS43",NA,NA,NA,2.12,25,NA,"",NA,"","acclimated at hot","","yes",11.7924528301887,"45-50"
"168","19-Jun-25","Kobbefjord",46.9,"wolf_spider","K19-WS44",NA,NA,NA,4.35,25,NA,"",NA,"","acclimated at hot","","yes",5.74712643678161,"45-50"
"169","19-Jun-25","Kobbefjord",48,"wolf_spider","K19-WS45",NA,NA,NA,4.16,25,NA,"",NA,"","acclimated at hot","","yes",6.00961538461538,"45-50"
"170","19-Jun-25","Kobbefjord",48.3,"wolf_spider","K19-WS46",NA,NA,NA,3.36,25,NA,"",NA,"","acclimated at hot","","yes",7.44047619047619,"45-50"
"171","18-Jun-25","Kobbefjord",3.6,"carabid","K18-C1",NA,NA,NA,24.44,25,NA,"",NA,"","","","yes",1.02291325695581,"0-5"
"172","18-Jun-25","Kobbefjord",2.7,"carabid","K18-C2",NA,NA,NA,16,25,NA,"",NA,"","","","yes",1.5625,"0-5"
"173","18-Jun-25","Kobbefjord",3.1,"carabid","K18-C3",NA,NA,NA,13.59,25,NA,"",NA,"","","","yes",1.83958793230316,"0-5"
"174","18-Jun-25","Kobbefjord",3.1,"carabid","K18-C4",NA,NA,NA,17.78,25,NA,"",NA,"","","","yes",1.40607424071991,"0-5"
"175","18-Jun-25","Kobbefjord",3.6,"carabid","K18-C5",NA,NA,NA,27.8,23,NA,"",NA,"","","","yes",0.827338129496403,"0-5"
"176","18-Jun-25","Kobbefjord",2.8,"carabid","K18-C6",NA,NA,NA,NA,0,NA,"",NA,"","fail","","no",NA,"0-5"
"177","18-Jun-25","Kobbefjord",3.8,"carabid","K18-C7",NA,NA,NA,19.68,25,NA,"",NA,"","","","yes",1.27032520325203,"0-5"
"178","18-Jun-25","Kobbefjord",3.3,"carabid","K18-C8",NA,NA,NA,NA,0,NA,"",NA,"","fail","","no",NA,"0-5"
"179","28-Jun-25","Zackenberg",13.2,"mosquito","Z628-M1",NA,0.0018,"S",1.72,6,13,"HKDT",37,"334","female, indivs made to fly on a chamber on a glass wall length 32cm","","yes",3.48837209302326,"10-15"
"180","28-Jun-25","Zackenberg",13.4,"mosquito","Z628-M2",NA,0.0016,"S",4.4,19,13,"HKDT",37,"556","","","yes",4.31818181818182,"10-15"
"181","28-Jun-25","Zackenberg",13.2,"mosquito","Z628-M3",NA,0.0015,"S",2.75,11,13,"HKDT",37,"255","","","yes",4,"10-15"
"182","28-Jun-25","Zackenberg",13.3,"mosquito","Z628-M4",NA,0.0016,"S",2.5,32,13,"HKDT",37,"390","","","yes",12.8,"10-15"
"183","28-Jun-25","Zackenberg",13.3,"mosquito","Z628-M5",NA,0.0022,"S",4.52,32,13,"HKDT",37,"312","","","yes",7.07964601769912,"10-15"
"184","28-Jun-25","Zackenberg",13.3,"mosquito","Z628-M6",NA,0.0013,"S",4.27,29,13,"HKDT",37,"370","","","yes",6.79156908665105,"10-15"
"185","28-Jun-25","Zackenberg",13.2,"mosquito","Z628-M7",NA,0.0025,"S",1,22,13,"HKDT",38,"1345","","","yes",22,"10-15"
"186","28-Jun-25","Zackenberg",24.8,"mosquito","Z628-M8",NA,NA,NA,0.5,4,13,"HKDT",35,"1035"," at 30cm chamber, female","maybe replacement individuals, data might not be good","yes",8,"20-25"
"187","28-Jun-25","Zackenberg",24.3,"mosquito","Z628-M9",NA,NA,NA,2,4,13,"HKDT",35,"558","0.0016-wgt of replacement","","yes",2,"20-25"
"188","28-Jun-25","Zackenberg",24.8,"mosquito","Z628-M10",NA,NA,NA,3.81,17,13,"HKDT",35,"161","female, .0013","","yes",4.46194225721785,"20-25"
"189","28-Jun-25","Zackenberg",24.2,"mosquito","Z628-M11",NA,NA,NA,0.87,30,13,"HKDT",35,"156","0.0011","","yes",34.4827586206897,"20-25"
"190","28-Jun-25","Zackenberg",24.2,"mosquito","Z628-M12",NA,0.0029,"S",3.29,22,13,"HKDT",35,"1010","","","yes",6.68693009118541,"20-25"
"191","28-Jun-25","Zackenberg",24.7,"mosquito","Z628-M13",NA,NA,NA,0.5,22,13,"HKDT",35,"627","0.0017","","yes",44,"20-25"
"192","28-Jun-25","Zackenberg",24.6,"mosquito","Z628-M14",NA,NA,NA,2.83,30,13,"HKDT",35,"276","0.0018","","yes",10.6007067137809,"20-25"
"193","28-Jun-25","Zackenberg",NA,"mosquito","Z628-M15",NA,NA,NA,NA,NA,NA,"",NA,"","male, escaped","",NA,NA,NA
"194","28-Jun-25","Zackenberg",34.6,"mosquito","Z628-M16",NA,NA,NA,NA,NA,NA,"",NA,"","escaped","",NA,NA,"30-35"
"195","28-Jun-25","Zackenberg",34.6,"mosquito","Z628-M17",NA,NA,NA,NA,0,NA,"",NA,"","female,fail","","no",NA,"30-35"
"196","28-Jun-25","Zackenberg",33.1,"mosquito","Z628-M18",NA,0.004,"S",1.06,30,15.3,"",NA,"","female","","yes",28.3018867924528,"30-35"
"197","28-Jun-25","Zackenberg",33.2,"mosquito","Z628-M19",NA,0.0023,"S",NA,0,15.3,"",NA,"","female, fail","","no",NA,"30-35"
"198","28-Jun-25","Zackenberg",34.7,"mosquito","Z628-M20",NA,NA,NA,0.9,30,NA,"",NA,"","female","","yes",33.3333333333333,"30-35"
"199","28-Jun-25","Zackenberg",34.3,"mosquito","Z628-M21",NA,0.0109,"S",NA,0,NA,"",NA,"","female, fail","","no",NA,"30-35"
"200","28-Jun-25","Zackenberg",33.2,"mosquito","Z628-M22",NA,0.0078,"S",0.5,30,15.3,"",NA,"","female","","yes",60,"30-35"
"201","29-Jun-25","Zackenberg",15.2,"muscids","Z629-U16",NA,NA,NA,NA,0,NA,"",NA,"","fail","","no",NA,"15-20"
"202","29-Jun-25","Zackenberg",15.3,"muscids","Z629-U17",NA,0.0017,"S",5.44,2,5.7,"HKDT",38,"120","","","yes",0.367647058823529,"15-20"
"203","29-Jun-25","Zackenberg",14.9,"muscids","Z629-U18",NA,0.0108,"S",49.12,7,15.3,"HKDT",38,">3600","","","yes",0.142508143322476,"10-15"
"204","29-Jun-25","Zackenberg",15.1,"muscids","Z629-U19",NA,0.0099,"S",51.45,7,15.3,"HKDT",38,">3600","","","yes",0.136054421768707,"15-20"
"205","29-Jun-25","Zackenberg",15.1,"muscids","Z629-U20",NA,0.0075,"S",8.12,2,5.7,"HKDT",38,"842","recovered after 1 hr","","yes",0.246305418719212,"15-20"
"206","29-Jun-25","Zackenberg",14.9,"muscids","Z629-U21",NA,0.0075,"S",NA,0,5.7,"HKDT",38,"211","fail","","no",NA,"10-15"
"207","29-Jun-25","Zackenberg",15,"muscids","Z629-U22",NA,0.0083,"S",4.8,2,15.3,"HKDT",38,">3600","","","yes",0.416666666666667,"15-20"
"208","29-Jun-25","Zackenberg",15.2,"muscids","Z629-U26",NA,0.0077,"S",6,3,5.7,"HKDT",38,"270","did not recover after 1 hr","","yes",0.5,"15-20"
"209","29-Jun-25","Zackenberg",15.2,"muscids","Z629-U27",NA,0.0226,"S",14.98,10,15.3,"HKDT",38,"1440","did not recover after 1 hr","","yes",0.667556742323097,"15-20"
"210","29-Jun-25","Zackenberg",15.3,"muscids","Z629-U28",NA,0.0253,"S",24.53,5.5,5.7,"HKDT",38,"401","recovered after 1 hr","","yes",0.224215246636771,"15-20"
"211","29-Jun-25","Zackenberg",NA,"chironomids","Z629-C1",NA,NA,NA,NA,NA,NA,"Ctmax",36.6,"","","",NA,NA,NA
"212","29-Jun-25","Zackenberg",NA,"chironomids","Z629-C2",NA,NA,NA,NA,NA,NA,"Ctmax",35,"","","",NA,NA,NA
"213","29-Jun-25","Zackenberg",NA,"chironomids","Z629-C3",NA,NA,NA,NA,NA,NA,"Ctmax",35,"","","",NA,NA,NA
"214","29-Jun-25","Zackenberg",NA,"empids","Z629-E23",NA,NA,NA,NA,NA,NA,"Ctmax",37,"","","",NA,NA,NA
"215","29-Jun-25","Zackenberg",NA,"empids","Z629-E24",NA,NA,NA,NA,NA,NA,"Ctmax",37.5,"","","",NA,NA,NA
"216","29-Jun-25","Zackenberg",NA,"empids","Z629-E25",NA,NA,NA,NA,NA,NA,"Ctmax",37,"","","",NA,NA,NA
"217","29-Jun-25","Zackenberg",NA,"craneflies","Z629-D1",NA,0.0324,"S",NA,NA,NA,"Ctmax",37,"","","",NA,NA,NA
"218","29-Jun-25","Zackenberg",NA,"craneflies","Z629-D2",NA,0.0331,"S",NA,NA,NA,"Ctmax",37,"","","",NA,NA,NA
"219","29-Jun-25","Zackenberg",NA,"craneflies","Z629-D3",NA,0.0383,"S",NA,NA,NA,"Ctmax",36,"","","",NA,NA,NA
"220","29-Jun-25","Zackenberg",NA,"craneflies","Z629-D4",NA,0.0184,"S",NA,NA,NA,"Ctmax",36,"","","",NA,NA,NA
"221","30-Jun-25","Zackenberg",15.6,"wolf_spider","Z630-S17",NA,0.0171,"S",5.57,25,15.7,"HKDT",38,">1200","","","yes",4.48833034111311,"15-20"
"222","30-Jun-25","Zackenberg",15.6,"wolf_spider","Z630-S45",NA,0.0103,"S",8.26,25,15.7,"HKDT",38,">1200","","","yes",3.02663438256659,"15-20"
"223","30-Jun-25","Zackenberg",15.6,"wolf_spider","Z630-S44",NA,0.0078,"S",10.1,25,15.7,"HKDT",38,">1200","","","yes",2.47524752475248,"15-20"
"224","30-Jun-25","Zackenberg",15.6,"wolf_spider","Z630-S33",NA,0.0075,"S",11.06,19,15.7,"HKDT",38,">1200","","","yes",1.71790235081374,"15-20"
"225","30-Jun-25","Zackenberg",15.6,"wolf_spider","Z630-S11",NA,0.0056,"S",15.1,25,15.7,"HKDT",38,">1200","start and stop, missing a leg","","yes",1.65562913907285,"15-20"
"226","30-Jun-25","Zackenberg",15.7,"wolf_spider","Z630-S25",NA,0.0112,"S",3.41,25,15.7,"HKDT",38,">1200","","","yes",7.33137829912023,"15-20"
"227","30-Jun-25","Zackenberg",15.4,"wolf_spider","Z630-S28",NA,0.0117,"S",NA,0,15.7,"HKDT",38,">1200","fail, weak, leg missing","","no",NA,"15-20"
"228","30-Jun-25","Zackenberg",15.4,"wolf_spider","Z630-S14",NA,0.0109,"S",6,25,15.7,"HKDT",38,">1200","","","yes",4.16666666666667,"15-20"
"229","30-Jun-25","Zackenberg",NA,"empids","Z630-E38",NA,0.0103,"S",NA,NA,5.7,"HKDT",37,"278","","",NA,NA,NA
"230","30-Jun-25","Zackenberg",NA,"empids","Z630-E32",NA,0.0065,"S",NA,NA,5.7,"HKDT",NA,"140","","",NA,NA,NA
"231","30-Jun-25","Zackenberg",NA,"empids","Z630-E53",NA,0.0088,"S",NA,NA,5.7,"HKDT",NA,">1200","","",NA,NA,NA
"232","30-Jun-25","Zackenberg",NA,"empids","Z630-E41",NA,0.0044,"S",NA,NA,5.7,"HKDT",NA,"161","","",NA,NA,NA
"233","30-Jun-25","Zackenberg",NA,"empids","Z630-E47",NA,0.0061,"S",NA,NA,5.7,"HKDT",NA,"328","","",NA,NA,NA
"234","30-Jun-25","Zackenberg",NA,"empids","Z630-E43",NA,0.0059,"S",NA,NA,5.7,"HKDT",NA,"292","","",NA,NA,NA
"235","30-Jun-25","Zackenberg",NA,"empids","Z630-E46",NA,0.0038,"S",NA,NA,5.7,"HKDT",NA,"163","","",NA,NA,NA
"236","30-Jun-25","Zackenberg",NA,"empids","Z630-E07",NA,0.0041,"S",NA,NA,5.7,"HKDT",NA,"344","","",NA,NA,NA
"237","30-Jun-25","Zackenberg",NA,"empids","Z630-E40",NA,0.0047,"S",NA,NA,5.7,"HKDT",NA,"293","","",NA,NA,NA
"238","30-Jun-25","Zackenberg",NA,"empids","Z630-E35",NA,0.0041,"S",NA,NA,5.7,"HKDT",NA,"300","","",NA,NA,NA
"239","30-Jun-25","Zackenberg",NA,"empids","Z630-E13",NA,0.0074,"S",NA,NA,15.7,"HKDT",NA,"584","","",NA,NA,NA
"240","30-Jun-25","Zackenberg",NA,"empids","Z630-E34",NA,0.0036,"S",NA,NA,15.7,"HKDT",NA,"305","","",NA,NA,NA
"241","30-Jun-25","Zackenberg",NA,"empids","Z630-E42",NA,0.0037,"S",NA,NA,15.7,"HKDT",NA,"280","","",NA,NA,NA
"242","30-Jun-25","Zackenberg",NA,"empids","Z630-E37",NA,0.0047,"S",NA,NA,15.7,"HKDT",NA,"493","","",NA,NA,NA
"243","30-Jun-25","Zackenberg",NA,"empids","Z630-E50",NA,0.01,"S",NA,NA,15.7,"HKDT",NA,"231","","",NA,NA,NA
"244","30-Jun-25","Zackenberg",NA,"empids","Z630-16",NA,0.0041,"S",NA,NA,15.7,"HKDT",NA,"120","","",NA,NA,NA
"245","30-Jun-25","Zackenberg",NA,"empids","Z630-E8",NA,0.005,"S",NA,NA,15.7,"HKDT",NA,"194","","",NA,NA,NA
"246","30-Jun-25","Zackenberg",NA,"empids","Z630-E10",NA,0.0046,"S",NA,NA,15.7,"HKDT",NA,"266","","",NA,NA,NA
"247","30-Jun-25","Zackenberg",NA,"parasitic_wasp","Z630-W29",NA,0.0249,"S",NA,NA,NA,"Ctmax",NA,"","","",NA,NA,NA
"248","30-Jun-25","Zackenberg",NA,"parasitic_fly","Z630-F15",NA,0.0536,"L",NA,NA,NA,"Ctmax",NA,"","","",NA,NA,NA
"249","30-Jun-25","Zackenberg",NA,"empids","Z630-E49",NA,0.0095,"S",NA,NA,NA,"Ctmax",NA,"","","",NA,NA,NA
"250","30-Jun-25","Zackenberg",NA,"parasitic_wasp","Z630-W49",NA,0.0251,"S",NA,NA,NA,"Ctmax",NA,"","","",NA,NA,NA
"251","30-Jun-25","Zackenberg",NA,"parasitic_wasp","Z630-W30",NA,0.0064,"S",NA,NA,NA,"Ctmax",NA,"","","",NA,NA,NA
"252","8-Jul-25","Zackenberg",17.9,"wolf_spider","Z708-S27",NA,0.0077,"S",9.07,19,18,"HKDT",45,"1805","","","yes",2.09481808158765,"15-20"
"253","8-Jul-25","Zackenberg",18.3,"wolf_spider","Z708-S01",NA,NA,NA,6.77,25,18,"HKDT",45,"596","","","yes",3.69276218611521,"15-20"
"254","8-Jul-25","Zackenberg",18.4,"wolf_spider","Z708-S24",NA,0.0195,"S",5.51,25,18,"HKDT",45,"1726","","","yes",4.53720508166969,"15-20"
"255","8-Jul-25","Zackenberg",18.8,"wolf_spider","Z708-S06",NA,0.0277,"S",11.62,25,18,"HKDT",45,"616","","","yes",2.15146299483649,"15-20"
"256","8-Jul-25","Zackenberg",18.7,"wolf_spider","Z708-S18",NA,0.0087,"S",3.03,25,18,"HKDT",45,"1638","captured on 01-Jul, fed with water prior to experiment","","yes",8.25082508250825,"15-20"
"257","8-Jul-25","Zackenberg",18.7,"wolf_spider","Z708-S19",NA,0.007,"S",10.82,25,18,"HKDT",45,"235","captured on 01-Jul, fed with water prior to experiment","","yes",2.31053604436229,"15-20"
"258","8-Jul-25","Zackenberg",18.7,"wolf_spider","Z708-S53",NA,0.0174,"S",7.78,25,18,"HKDT",45,"155","captured on 01-Jul, fed with water prior to experiment","","yes",3.2133676092545,"15-20"
"259","8-Jul-25","Zackenberg",18.7,"wolf_spider","Z708-S28",NA,0.0106,"S",5.25,11,18,"HKDT",45,"687","captured on 01-Jul, fed with water prior to experiment","","yes",2.0952380952381,"15-20"
"260","8-Jul-25","Zackenberg",0.1,"wolf_spider","Z708-S30",NA,0.0112,"S",9.51,2,3.1,"HKDT",45,"346","captured on 01-Jul, fed with water prior to experiment","","yes",0.210304942166141,"0-5"
"261","8-Jul-25","Zackenberg",NA,"wolf_spider","Z708-S41",NA,NA,NA,NA,NA,NA,"",NA,"","captured on 01-Jul, fed with water prior to experiment, died prior to experiment in chamber","",NA,NA,NA
"262","8-Jul-25","Zackenberg",0.2,"wolf_spider","Z708-S13",NA,0.0136,"S",49.52,19,3.1,"HKDT",45,"","captured on 01-Jul, fed with water prior to experiment","","yes",0.383683360258481,"0-5"
"263","8-Jul-25","Zackenberg",NA,"wolf_spider","Z708-S70",NA,NA,NA,NA,NA,NA,"",NA,"","captured on 01-Jul, fed with water prior to experiment, died prior to experiment in chamber","",NA,NA,NA
"264","8-Jul-25","Zackenberg",0.1,"wolf_spider","Z708-S35",NA,0.0058,"S",2.96,2,3.1,"HKDT",45,"60","captured on 01-Jul, fed with water prior to experiment","","yes",0.675675675675676,"0-5"
"265","8-Jul-25","Zackenberg",0.2,"wolf_spider","Z708-S03",NA,0.0104,"S",10.49,2,3.1,"HKDT",45,">1800","","","yes",0.190657769304099,"0-5"
"266","8-Jul-25","Zackenberg",0.1,"wolf_spider","Z708-S23",NA,0.0287,"S",14.1,2,3.1,"HKDT",45,"373","","","yes",0.141843971631206,"0-5"
"267","8-Jul-25","Zackenberg",0,"wolf_spider","Z708-S12",NA,0.0251,"S",16.99,2,3.1,"HKDT",45,"212","","","yes",0.117716303708064,"0-5"
"268","8-Jul-25","Zackenberg",0.1,"wolf_spider","Z708-S05",NA,0.018,"S",13.67,2,3.1,"HKDT",45,"202","","","yes",0.146305779078274,"0-5"
"269","8-Jul-25","Zackenberg",0.6,"wolf_spider","Z708-S21",NA,0.0087,"S",10.37,2,3.1,"HKDT",45,"182","","","yes",0.192864030858245,"0-5"
"270","8-Jul-25","Zackenberg",35.2,"wolf_spider","Z708-S52",NA,0.0127,"S",3.99,25,30,"HKDT",45,"444","captured on 01-Jul, fed with water prior to experiment","","yes",6.265664160401,"35-40"
"271","8-Jul-25","Zackenberg",35.2,"wolf_spider","Z708-S08",NA,0.0132,"S",7.51,25,NA,"",NA,"","captured on 01-Jul, fed with water prior to experiment","","yes",3.3288948069241,"35-40"
"272","8-Jul-25","Zackenberg",35.2,"wolf_spider","Z708-S71",NA,0.0117,"S",3.74,25,30,"HKDT",45,"59","captured on 01-Jul, fed with water prior to experiment","","yes",6.68449197860962,"35-40"
"273","8-Jul-25","Zackenberg",35.1,"wolf_spider","Z708-S20",NA,0.0151,"S",7.03,25,NA,"",NA,"","","","yes",3.55618776671408,"35-40"
"274","8-Jul-25","Zackenberg",34.4,"wolf_spider","Z708-S26",NA,0.0502,"L",11.13,25,30,"HKDT",45,"157","","","yes",2.24618149146451,"30-35"
"275","8-Jul-25","Zackenberg",35.7,"wolf_spider","Z708-S15",NA,NA,NA,11.7,25,NA,"",NA,"","escaped","","yes",2.13675213675214,"35-40"
"276","8-Jul-25","Zackenberg",35,"wolf_spider","Z708-S49",NA,0.0128,"S",10.08,25,NA,"",NA,"","escaped","","yes",2.48015873015873,"35-40"
"277","8-Jul-25","Zackenberg",NA,"craneflies","Z708-S01",NA,0.0107,"S",NA,18,NA,"HKDT",38,"1200","","","yes",NA,NA
"278","8-Jul-25","Zackenberg",NA,"craneflies","Z708-S02",NA,0.01,"S",NA,18,NA,"HKDT",38,"836","","","yes",NA,NA
"279","8-Jul-25","Zackenberg",NA,"craneflies","Z708-S03",NA,0.0157,"S",NA,18,NA,"HKDT",38,"1701","","","yes",NA,NA
"280","8-Jul-25","Zackenberg",NA,"craneflies","Z708-S04",NA,0.009,"S",NA,18,NA,"HKDT",38,"1740","","","yes",NA,NA
"281","8-Jul-25","Zackenberg",NA,"craneflies","Z708-S05",NA,0.013,"S",NA,30,NA,"HKDT",38,"1225","","","yes",NA,NA
"282","8-Jul-25","Zackenberg",NA,"craneflies","Z708-S06",NA,0.0235,"S",NA,30,NA,"HKDT",38,"1050","","","yes",NA,NA
"283","8-Jul-25","Zackenberg",NA,"craneflies","Z708-S07",NA,0.0406,"L",NA,30,NA,"HKDT",38,"738","","","yes",NA,NA
"284","8-Jul-25","Zackenberg",NA,"craneflies","Z708-S08",NA,0.0118,"S",NA,30,NA,"HKDT",38,"1225","","","yes",NA,NA
"285","8-Jul-25","Zackenberg",NA,"craneflies","Z708-S09",NA,0.0189,"S",NA,30,NA,"HKDT",38,">1800","","","yes",NA,NA
"286","8-Jul-25","Zackenberg",NA,"craneflies","Z708-S10",NA,0.0812,"L",NA,3.1,NA,"HKDT",38,"1359","","","yes",NA,NA
"287","8-Jul-25","Zackenberg",NA,"craneflies","Z708-S11",NA,0.0229,"S",NA,3.1,NA,"HKDT",38,"1440","","","yes",NA,NA
"288","8-Jul-25","Zackenberg",NA,"craneflies","Z708-S12",NA,0.0135,"S",NA,3.1,NA,"HKDT",38,"1445","","","yes",NA,NA
"289","8-Jul-25","Zackenberg",NA,"craneflies","Z708-S13",NA,0.0695,"L",NA,3.1,NA,"HKDT",38,"1047","","","yes",NA,NA
"290","8-Jul-25","Zackenberg",NA,"craneflies","Z708-S14",NA,0.0228,"S",NA,3.1,NA,"HKDT",38,"1451","","","yes",NA,NA
"291","9-Jul-25","Zackenberg",14.8,"sympistis_larva","Z709-L01",NA,0.0315,"S",15.01,9,NA,"Ctmax",38.9,"","","","yes",0.599600266489007,"10-15"
"292","9-Jul-25","Zackenberg",14.8,"sympistis_larva","Z709-L02",NA,0.0661,"L",76,10.5,NA,"Ctmax",38,"","","","yes",0.138157894736842,"10-15"
"293","9-Jul-25","Zackenberg",13.5,"wooly_moth","Z709-W3",NA,0.398,"L",173,25,NA,"Ctmax",48,"","","","yes",0.144508670520231,"10-15"
"294","9-Jul-25","Zackenberg",14.1,"wooly_moth","Z709-W2",NA,0.0892,"L",261,12,NA,"Ctmax",42,"","","","yes",0.0459770114942529,"10-15"
"295","9-Jul-25","Zackenberg",14.2,"wooly_moth","Z709-W1",NA,0.0495,"L",370,25,NA,"Ctmax",42.9,"","","","yes",0.0675675675675676,"10-15"
"296","11-Jul-25","Zackenberg",6.9,"muscids","Z709-M70",NA,0.0057,"S",NA,0,15.1,"",NA,"","","","no",NA,"5-10"
"297","10-Jul-25","Zackenberg",6.6,"muscids","Z709-M49",NA,NA,NA,31.17,11,NA,"",NA,"","dead accidentally squished","","yes",0.352903432787937,"5-10"
"298","10-Jul-25","Zackenberg",3.9,"muscids","Z709-M75",NA,0.0116,"S",17.58,3,3.1,"HKDT",37,"120","","","yes",0.170648464163823,"0-5"
"299","10-Jul-25","Zackenberg",1.2,"muscids","Z709-M16",NA,0.003,"S",13.1,3,NA,"",NA,"","","","yes",0.229007633587786,"0-5"
"300","10-Jul-25","Zackenberg",7.6,"muscids","Z709-M11",NA,0.0043,"S",NA,0,NA,"",NA,"","","","no",NA,"5-10"
"301","10-Jul-25","Zackenberg",5.5,"muscids","Z709-M10",NA,0.0096,"S",NA,0,NA,"",NA,"","","","no",NA,"5-10"
"302","10-Jul-25","Zackenberg",3.6,"wolf_spider","Z709-S112",NA,0.0234,"S",6.63,9,3.1,"HKDT",45,"180","","","yes",1.35746606334842,"0-5"
"303","10-Jul-25","Zackenberg",4.9,"wolf_spider","Z709-S102",NA,0.0037,"S",3.7,18,15.1,"HKDT",37,"73","","","yes",4.86486486486486,"0-5"
"304","10-Jul-25","Zackenberg",6.1,"wolf_spider","Z709-S107",NA,0.0059,"S",11.35,25,3.1,"HKDT",45,"201","","","yes",2.20264317180617,"5-10"
"305","10-Jul-25","Zackenberg",5.6,"wolf_spider","Z709-S108",NA,0.0142,"S",24.77,25,NA,"",NA,"","","","yes",1.00928542591845,"5-10"
"306","10-Jul-25","Zackenberg",5.6,"wolf_spider","Z709-S105",NA,NA,NA,21.26,25,NA,"",NA,"","escaped","","yes",1.17591721542803,"5-10"
"307","10-Jul-25","Zackenberg",21.3,"muscids","Z709-M120",NA,0.0044,"S",29.04,13.5,15.1,"HKDT",37,"90","walked horizontally","","yes",0.464876033057851,"20-25"
"308","10-Jul-25","Zackenberg",22.4,"muscids","Z709-M48",NA,0.0037,"S",18.63,16,NA,"",NA,"","walked horizontally","","yes",0.858829844337091,"20-25"
"309","10-Jul-25","Zackenberg",21.8,"muscids","Z709-M03",NA,0.0038,"S",13.31,13,15.1,"HKDT",37,"90","walked horizontally","","yes",0.976709241172051,"20-25"
"310","10-Jul-25","Zackenberg",21.8,"muscids","Z709-M05",NA,0.0054,"S",19.09,19,NA,"",NA,"","walked horizontally","","yes",0.995285489785228,"20-25"
"311","10-Jul-25","Zackenberg",21.7,"muscids","Z709-M35",NA,0.0056,"S",3.93,3,NA,"",NA,"","walked horizontally","","yes",0.763358778625954,"20-25"
"312","10-Jul-25","Zackenberg",21.4,"muscids","Z709-M36",NA,0.0067,"S",4.49,8,15.1,"HKDT",37,"145","walked horizontally","","yes",1.78173719376392,"20-25"
"313","10-Jul-25","Zackenberg",21.2,"muscids","Z709-M25",NA,0.0139,"S",0.81,3,NA,"",NA,"","walked horizontally","","yes",3.7037037037037,"20-25"
"314","10-Jul-25","Zackenberg",3.8,"muscids","Z709-M04",NA,0.0093,"S",35.33,7.5,NA,"",NA,"","","","yes",0.212284177752618,"0-5"
"315","10-Jul-25","Zackenberg",5.3,"muscids","Z709-M18",NA,0.0047,"S",NA,0,NA,"",NA,"","","","no",NA,"5-10"
"316","10-Jul-25","Zackenberg",3.1,"muscids","Z709-M84",NA,0.0105,"S",74.35,21,NA,"",NA,"","","","yes",0.282447881640888,"0-5"
"317","10-Jul-25","Zackenberg",3.6,"muscids","Z709-M45",NA,0.017,"S",4.67,3,3.1,"HKDT",37,"1560","","","yes",0.642398286937901,"0-5"
"318","10-Jul-25","Zackenberg",28.9,"muscids","Z709-M130",NA,0.0097,"S",14.74,5.5,3.1,"HKDT",37,">1800","","","yes",0.373134328358209,"25-30"
"319","10-Jul-25","Zackenberg",29,"muscids","Z709-M12",NA,NA,NA,3.42,3,NA,"",NA,"","","","yes",0.87719298245614,"25-30"
"320","10-Jul-25","Zackenberg",28.7,"muscids","Z709-M24",NA,0.0045,"S",4.67,9,30,"HKDT",37,"243","","","yes",1.9271948608137,"25-30"
"321","10-Jul-25","Zackenberg",29.1,"muscids","Z709-131",NA,NA,NA,13.05,20,NA,"",NA,"","","","yes",1.53256704980843,"25-30"
"322","10-Jul-25","Zackenberg",30.7,"muscids","Z709-M17",NA,0.0136,"S",11.77,20,3.1,"HKDT",37,"120","","","yes",1.69923534409516,"30-35"
"323","10-Jul-25","Zackenberg",39.3,"muscids","Z709-M73",NA,0.0116,"S",13.99,20,15.1,"HKDT",37,"60","","","yes",1.42959256611866,"35-40"
"324","10-Jul-25","Zackenberg",38.9,"muscids","Z709-M41",NA,NA,NA,17.21,20,30,"HKDT",37,"221","","","yes",1.16211504938989,"35-40"
"325","10-Jul-25","Zackenberg",38.4,"muscids","Z709-M79",NA,0.009,"S",NA,0,NA,"",NA,"","","","no",NA,"35-40"
"326","10-Jul-25","Zackenberg",38.9,"muscids","Z709-M85",NA,0.0213,"S",7.48,9,NA,"",NA,"","","","yes",1.20320855614973,"35-40"
"327","10-Jul-25","Zackenberg",48.9,"wolf_spider","Z709-S101",NA,0.0156,"S",1,25,NA,"",NA,"","died","","yes",25,"45-50"
"328","10-Jul-25","Zackenberg",48.1,"wolf_spider","Z709-S111",NA,0.0043,"S",1.4,25,15.1,"HKDT",37,"190","","","yes",17.8571428571429,"45-50"
"329","10-Jul-25","Zackenberg",48.4,"wolf_spider","Z709-S110",NA,0.0211,"S",2.25,20,15.1,"HKDT",37,"210","","","yes",8.88888888888889,"45-50"
"330","10-Jul-25","Zackenberg",48.6,"wolf_spider","Z709-S109",NA,0.0065,"S",1.07,25,NA,"",NA,"","","","yes",23.3644859813084,"45-50"
"331","10-Jul-25","Zackenberg",48.1,"wolf_spider","Z709-S113",NA,NA,NA,NA,0,NA,"",NA,"","died","","no",NA,"45-50"
"332","10-Jul-25","Zackenberg",49,"wolf_spider","z709-s103",NA,0.036,"S",3.09,25,NA,"",NA,"","","","yes",8.09061488673139,"45-50"
"333","10-Jul-25","Zackenberg",46,"wolf_spider","z709-s100",NA,NA,NA,3.68,25,NA,"",NA,"","escaped","","yes",6.79347826086956,"45-50"
"334","10-Jul-25","Zackenberg",45.2,"wolf_spider","z709-s115",NA,0.0067,"S",4.59,25,3.1,"HKDT",45,"240","","","yes",5.44662309368192,"45-50"
"335","10-Jul-25","Zackenberg",42,"muscids","z709-m14",NA,0.008,"S",9.39,8,NA,"",NA,"","","","yes",0.851970181043663,"40-45"
"336","10-Jul-25","Zackenberg",42,"muscids","z709-m140",NA,0.0105,"S",23.74,25,15.1,"HKDT",37,"637","","","yes",1.0530749789385,"40-45"
"337","10-Jul-25","Zackenberg",42.3,"muscids","z709-m25",NA,0.0096,"S",8.23,11,NA,"",NA,"","","","yes",1.33657351154313,"40-45"
"338","10-Jul-25","Zackenberg",44.3,"muscids","z709-m29",NA,0.0047,"S",5.57,6,NA,"",NA,"","","","yes",1.07719928186715,"40-45"
"339","10-Jul-25","Zackenberg",43,"muscids","z709-m01",NA,0.0044,"S",4.61,9,3.1,"HKDT",37,"120","","","yes",1.95227765726681,"40-45"
"340","10-Jul-25","Zackenberg",47.3,"muscids","z709-m72",NA,0.0118,"S",5.77,2,30,"HKDT",37,"176","died","","yes",0.346620450606586,"45-50"
"341","10-Jul-25","Zackenberg",48,"muscids","Z709-M44",NA,0.0022,"S",NA,0,NA,"",NA,"","died","","no",NA,"45-50"
"342","10-Jul-25","Zackenberg",47.7,"muscids","z709-m22",NA,NA,NA,NA,0,NA,"",NA,"","died","","no",NA,"45-50"
"343","10-Jul-25","Zackenberg",45.2,"muscids","z709-m77",NA,0.0121,"S",4.72,7,3.1,"HKDT",37,"370","","","yes",1.48305084745763,"45-50"
"344","10-Jul-25","Zackenberg",44.2,"muscids","z709-m34",NA,0.0177,"S",NA,0,3.1,"HKDT",37,"120","died","","no",NA,"40-45"
"345","10-Jul-25","Zackenberg",43.1,"muscids","z709-m82",NA,0.0033,"S",5.03,5,NA,"",NA,"","","","yes",0.99403578528827,"40-45"
"346","10-Jul-25","Zackenberg",42.4,"muscids","Z709-M13",NA,0.0144,"S",18.09,7,3.1,"HKDT",37,"120","","","yes",0.386954118297402,"40-45"
"347","10-Jul-25","Zackenberg",41.2,"muscids","z709-m83",NA,0.0081,"S",13.09,16,NA,"",NA,"","","","yes",1.22230710466005,"40-45"
"348","10-Jul-25","Zackenberg",41.7,"muscids","z709-m53",NA,0.0096,"S",30.34,15.5,15.1,"HKDT",37,">1800","","","yes",0.510876730388926,"40-45"
"349","10-Jul-25","Zackenberg",41.4,"muscids","z709-m18",NA,NA,NA,32.34,15,NA,"",NA,"","","","yes",0.463821892393321,"40-45"
"350","10-Jul-25","Zackenberg",41.2,"muscids","z709-m141",NA,0.003,"S",26.37,17,NA,"",NA,"","","","yes",0.644671975729996,"40-45"
"351","10-Jul-25","Zackenberg",41.8,"muscids","z709-m74",NA,0.0191,"S",3.74,3,NA,"",NA,"","","","yes",0.802139037433155,"40-45"
"352","10-Jul-25","Zackenberg",41.7,"muscids","z709-m33",NA,0.011,"S",38.67,20,3.1,"HKDT",37,">1800","","","yes",0.517196793379881,"40-45"
"353","12-Jul-25","Zackenberg",48.6,"wolf_spider","Z712-S140",NA,0.0094,"S",2.05,25,NA,"",NA,"","","","yes",12.1951219512195,"45-50"
"354","12-Jul-25","Zackenberg",47.1,"wolf_spider","Z712-S117",NA,0.0135,"S",0.99,2,3.1,"HKDT",44,"327","","","yes",2.02020202020202,"45-50"
"355","12-Jul-25","Zackenberg",48,"wolf_spider","Z712-S14",NA,0.018,"S",1.2,25,NA,"",NA,"","","","yes",20.8333333333333,"45-50"
"356","12-Jul-25","Zackenberg",48.7,"wolf_spider","Z712-S08",NA,0.0394,"S",1.53,3,NA,"",NA,"","","","yes",1.96078431372549,"45-50"
"357","12-Jul-25","Zackenberg",48.5,"wolf_spider","Z712-S48",NA,0.0183,"S",1.13,25,NA,"",NA,"","","","yes",22.1238938053097,"45-50"
"358","14-Jul-25","Zackenberg",59.1,"wolf_spider","Z714-S74",NA,0.0359,"S",4.19,23,NA,"",NA,"","preheated to experimental temp for 2 mins","","yes",5.48926014319809,"55-60"
"359","14-Jul-25","Zackenberg",57.3,"wolf_spider","Z714-S11",NA,0.051,"L",0.8,25,30,"HKDT",44,"259","preheated to experimental temp for 2 mins","","yes",31.25,"55-60"
"360","14-Jul-25","Zackenberg",57.3,"wolf_spider","Z714-S49",NA,NA,NA,0.54,25,NA,"",NA,"","preheated to experimental temp for 2 mins","","yes",46.2962962962963,"55-60"
"361","14-Jul-25","Zackenberg",57.1,"wolf_spider","z714-s113",NA,NA,NA,3.82,25,NA,"",NA,"","preheated to experimental temp for 2 mins","","yes",6.54450261780105,"55-60"
"362","14-Jul-25","Zackenberg",57.3,"wolf_spider","z714-s17",NA,NA,NA,0.48,25,NA,"",NA,"","preheated to experimental temp for 2 mins","","yes",52.0833333333333,"55-60"
"363","14-Jul-25","Zackenberg",56.5,"wolf_spider","z714-s115",NA,0.0073,"S",1.13,5,30,"HKDT",44,"244","preheated to experimental temp for 2 mins","","yes",4.42477876106195,"55-60"
"364","14-Jul-25","Zackenberg",56.3,"wolf_spider","z714-s130",NA,0.0207,"S",2,25,3.1,"HKDT",44,"472","","","yes",12.5,"55-60"
"365","14-Jul-25","Zackenberg",56.6,"wolf_spider","z714-s38",NA,0.0157,"S",1.3,25,30,"HKDT",44,"260","","","yes",19.2307692307692,"55-60"
"366","14-Jul-25","Zackenberg",58.2,"wolf_spider","z714-s35",NA,0.0348,"S",0.54,3,NA,"",NA,"","","","yes",5.55555555555556,"55-60"
"367","14-Jul-25","Zackenberg",57.3,"wolf_spider","z714-s110",NA,0.0229,"S",0.73,25,30,"HKDT",44,"254","","","yes",34.2465753424658,"55-60"
"368","14-Jul-25","Zackenberg",57.9,"wolf_spider","z714-s25",NA,0.02,"S",0.48,3,NA,"",NA,"","","","yes",6.25,"55-60"
"369","14-Jul-25","Zackenberg",48.3,"wolf_spider","z714-s13",NA,NA,NA,0.63,3,NA,"",NA,"","preheat for 1min","","yes",4.76190476190476,"45-50"
"370","14-Jul-25","Zackenberg",46.6,"wolf_spider","z714-s10",NA,0.0547,"L",1.84,25,NA,"",NA,"","","","yes",13.5869565217391,"45-50"
"371","14-Jul-25","Zackenberg",44.3,"wolf_spider","Z714-S17",NA,0.0092,"S",3.81,10,NA,"",NA,"","","","yes",2.6246719160105,"40-45"
"372","14-Jul-25","Zackenberg",46.4,"wolf_spider","Z714-S112",NA,0.0203,"S",1.33,25,NA,"",NA,"","","","yes",18.796992481203,"45-50"
"373","14-Jul-25","Zackenberg",45.3,"wolf_spider","Z714-S73",NA,0.0326,"S",2.05,25,NA,"",NA,"","","","yes",12.1951219512195,"45-50"
"374","14-Jul-25","Zackenberg",45.7,"wolf_spider","Z714-S20",NA,0.0186,"S",2.77,2,NA,"",NA,"","","","yes",0.72202166064982,"45-50"
"375","14-Jul-25","Zackenberg",46.4,"wolf_spider","Z714-S116",NA,0.018,"S",2.12,25,NA,"",NA,"","","","yes",11.7924528301887,"45-50"
"376","14-Jul-25","Zackenberg",44.6,"wolf_spider","Z714-S80",NA,0.0222,"S",3.22,25,NA,"",NA,"","","","yes",7.7639751552795,"40-45"
"377","14-Jul-25","Zackenberg",46.7,"wolf_spider","Z714-S53",NA,0.0097,"S",2.9,15,NA,"",NA,"","preheat for 5mins","","yes",5.17241379310345,"45-50"
"378","14-Jul-25","Zackenberg",45.9,"wolf_spider","z714-s78",NA,0.0389,"S",4.2,11,NA,"",NA,"","","","yes",2.61904761904762,"45-50"
"379","14-Jul-25","Zackenberg",44.7,"wolf_spider","z714-s21",NA,0.0232,"S",4.81,25,NA,"",NA,"","","","yes",5.1975051975052,"40-45"
"380","14-Jul-25","Zackenberg",44.1,"wolf_spider","z714-s35",NA,NA,NA,1.13,1,NA,"",NA,"","","","yes",0.884955752212389,"40-45"
"381","14-Jul-25","Zackenberg",44.5,"wolf_spider","z714-s114",NA,0.0079,"S",3.96,25,NA,"",NA,"","","","yes",6.31313131313131,"40-45"
"382","14-Jul-25","Zackenberg",44.1,"wolf_spider","z714-s91",NA,0.0234,"S",1.19,25,NA,"",NA,"","","","yes",21.0084033613445,"40-45"
"383","14-Jul-25","Zackenberg",44.4,"wolf_spider","z714-s12",NA,0.0194,"S",2.57,25,NA,"",NA,"","","","yes",9.72762645914397,"40-45"
"384","14-Jul-25","Zackenberg",44.1,"wolf_spider","z714-s105",NA,0.0176,"S",2.24,25,NA,"",NA,"","","","yes",11.1607142857143,"40-45"
"385","14-Jul-25","Zackenberg",43.1,"wolf_spider","z714-s141",NA,0.0087,"S",2.11,25,NA,"",NA,"","","","yes",11.8483412322275,"40-45"
"386","14-Jul-25","Zackenberg",43.1,"wolf_spider","z714-s13",NA,0.0194,"S",2.83,25,NA,"",NA,"","","","yes",8.8339222614841,"40-45"
"387","15-Jul-25","Zackenberg",46.1,"muscids","Z715-M74",NA,0.0081,"S",14.39,19,NA,"",NA,"","","","yes",1.32036136205698,"45-50"
"388","15-Jul-25","Zackenberg",46.6,"muscids","Z715-M23",NA,0.0156,"S",0.87,1,NA,"",NA,"","died","","yes",1.14942528735632,"45-50"
"389","15-Jul-25","Zackenberg",47,"muscids","Z715-M40",NA,0.0099,"S",NA,0,NA,"",NA,"","died","","no",NA,"45-50"
"390","15-Jul-25","Zackenberg",45,"muscids","Z715-M75",NA,0.0096,"S",0.73,1,NA,"",NA,"","died","","yes",1.36986301369863,"45-50"
"391","15-Jul-25","Zackenberg",44.1,"muscids","Z715-M19",NA,0.012,"S",14.29,14,NA,"",NA,"","","","yes",0.979706088173548,"40-45"
"392","15-Jul-25","Zackenberg",46.6,"muscids","Z715-M140",NA,NA,NA,6.8,14,NA,"",NA,"","","","yes",2.05882352941176,"45-50"
"393","15-Jul-25","Zackenberg",45.9,"muscids","z715-m22",NA,0.0081,"S",8.05,9,NA,"",NA,"","","","yes",1.11801242236025,"45-50"
"394","15-Jul-25","Zackenberg",46.8,"muscids","z715-m52",NA,0.0143,"S",16.48,16,NA,"",NA,"","","","yes",0.970873786407767,"45-50"
"395","15-Jul-25","Zackenberg",47.9,"muscids","z715-m42",NA,0.0138,"S",11.5,6,NA,"",NA,"","","","yes",0.521739130434783,"45-50"
"396","15-Jul-25","Zackenberg",46.2,"muscids","z715-m70",NA,0.0102,"S",21.58,18,NA,"",NA,"","","","yes",0.834105653382762,"45-50"
"397","15-Jul-25","Zackenberg",33.8,"muscids","z715-m05",NA,0.0085,"S",7.82,16,NA,"",NA,"","","","yes",2.0460358056266,"30-35"
"398","15-Jul-25","Zackenberg",33.8,"muscids","z715-m150",NA,0.0122,"S",10.89,15,NA,"",NA,"","","","yes",1.37741046831956,"30-35"
"399","15-Jul-25","Zackenberg",32,"muscids","z715-m09",NA,0.0097,"S",18.71,20,NA,"",NA,"","","","yes",1.06894708711919,"30-35"
"400","15-Jul-25","Zackenberg",32.3,"muscids","z715-m102",NA,0.0124,"S",4.81,6,NA,"",NA,"","","","yes",1.24740124740125,"30-35"
"401","15-Jul-25","Zackenberg",32.1,"muscids","z715-m74",NA,0.0119,"S",2.49,3,NA,"",NA,"","","","yes",1.20481927710843,"30-35"
"402","15-Jul-25","Zackenberg",30.4,"muscids","z715-m85",NA,0.0107,"S",4.87,9,NA,"",NA,"","","","yes",1.84804928131417,"30-35"
"403","17-Jul-25","Zackenberg",45.1,"wolf_spider","z717-s40",NA,0.0056,"S",NA,NA,NA,"",NA,"","made sure to preheat chamber to about 50C, stopped running around and died after 1m48s","",NA,NA,"45-50"
"404","17-Jul-25","Zackenberg",47,"wolf_spider","z717-s77",NA,0.0137,"S",NA,NA,NA,"",NA,"","stopped moving after 7m, temp started at 48 but spider started slowing down at around 46","",NA,NA,"45-50"
"405","17-Jul-25","Zackenberg",47.7,"wolf_spider","Z717-S73",NA,0.0326,"S",NA,NA,NA,"",NA,"","stopped moving 1m36s","",NA,NA,"45-50"
"406","17-Jul-25","Zackenberg",47.1,"wolf_spider","z717-s08",NA,0.0088,"S",NA,NA,NA,"",NA,"","stopped moving and died after 1m14s","",NA,NA,"45-50"
"407","17-Jul-25","Zackenberg",49,"wolf_spider","z717-s36",NA,0.0098,"S",NA,NA,NA,"",NA,"","34s","",NA,NA,"45-50"
"408","17-Jul-25","Zackenberg",33.3,"wolf_spider","z717-s91",NA,0.0128,"S",5.19,13,NA,"",NA,"","new method described in field notes","","yes",2.50481695568401,"30-35"
"409","17-Jul-25","Zackenberg",36.2,"wolf_spider","z717-s10",NA,0.0146,"S",10.17,15,NA,"",NA,"","","","yes",1.47492625368732,"35-40"
"410","17-Jul-25","Zackenberg",37,"wolf_spider","z717-s103",NA,0.0109,"S",5.07,25,NA,"",NA,"","","","yes",4.93096646942801,"35-40"
"411","17-Jul-25","Zackenberg",37.2,"wolf_spider","z717-s110",NA,0.0111,"S",4.89,25,NA,"",NA,"","","","yes",5.11247443762781,"35-40"
"412","17-Jul-25","Zackenberg",36.2,"wolf_spider","z717-s92",NA,0.0181,"S",3.18,25,NA,"",NA,"","","","yes",7.86163522012579,"35-40"
"413","17-Jul-25","Zackenberg",48.9,"wolf_spider","z717-s24",NA,0.0243,"S",3.34,9,NA,"",NA,"","died at end of experiment","","yes",2.69461077844311,"45-50"
"414","17-Jul-25","Zackenberg",48.8,"wolf_spider","z717-s16",NA,0.0247,"S",0,1,NA,"",NA,"","died immediately after 1min ""acclimation""","","yes",Inf,"45-50"
"415","17-Jul-25","Zackenberg",47.7,"wolf_spider","z717-s90",NA,0.0174,"S",10.1,60,NA,"",NA,"","died at end of experiment","","yes",5.94059405940594,"45-50"
"416","17-Jul-25","Zackenberg",48.5,"wolf_spider","z717-s17",NA,0.0241,"S",13.16,36,NA,"",NA,"","died at end of experiment","","yes",2.73556231003039,"45-50"
"417","17-Jul-25","Zackenberg",44.5,"wolf_spider","z717-s83",NA,0.0073,"S",24.29,53,NA,"",NA,"","died at end of experiment","","yes",2.18196788801976,"40-45"
"418","19-Jul-25","Zackenberg",3.3,"muscids","z719-m44",NA,0.0047,"S",1.17,1,3.1,"HKDT",37,"60","","","yes",0.854700854700855,"0-5"
"419","19-Jul-25","Zackenberg",0.2,"muscids","Z719-M41",NA,0.004,"S",NA,0,3.1,"HKDT",37,"676","","","no",NA,"0-5"
"420","19-Jul-25","Zackenberg",3.7,"muscids","Z719-M01",NA,0.0032,"S",1.91,1,3.1,"HKDT",37,"610","","","yes",0.523560209424084,"0-5"
"421","19-Jul-25","Zackenberg",2.7,"muscids","Z719-M06",NA,0.0071,"S",6.15,3,3.1,"HKDT",37,"102","","","yes",0.48780487804878,"0-5"
"422","19-Jul-25","Zackenberg",2.2,"muscids","Z719-M84",NA,0.0056,"S",3.03,2,3.1,"HKDT",37,"244","","","yes",0.66006600660066,"0-5"
"423","19-Jul-25","Zackenberg",2.1,"muscids","Z719-M20",NA,0.0041,"S",NA,0,3.1,"HKDT",37,"465","","","no",NA,"0-5"
"424","19-Jul-25","Zackenberg",0.7,"muscids","Z719-M80",NA,0.003,"S",NA,0,3.1,"HKDT",37,"60","","","no",NA,"0-5"
"425","19-Jul-25","Zackenberg",NA,"muscids","Z719-M117",NA,0.0044,"S",NA,NA,3.1,"HKDT",37,"459","","",NA,NA,NA
"426","19-Jul-25","Zackenberg",NA,"muscids","Z719-M79",NA,0.0027,"S",NA,NA,3.1,"HKDT",37,"49","","",NA,NA,NA
"427","19-Jul-25","Zackenberg",NA,"muscids","Z719-M25",NA,0.0016,"S",NA,NA,3.1,"HKDT",37,"55","","",NA,NA,NA
"428","19-Jul-25","Zackenberg",5.1,"wolf_spider","Z719-S106",NA,0.0358,"S",31.67,25,3.1,"HKDT",45,"130","","","yes",0.789390590464162,"5-10"
"429","19-Jul-25","Zackenberg",8.3,"wolf_spider","z719-s11",NA,NA,NA,9.77,24,3.1,"HKDT",45,"290","","","yes",2.45649948822927,"5-10"
"430","19-Jul-25","Zackenberg",7.3,"wolf_spider","z719-s72",NA,0.0201,"S",9.22,24,3.1,"HKDT",45,"270","","","yes",2.60303687635575,"5-10"
"431","19-Jul-25","Zackenberg",7.5,"wolf_spider","z719-s42",NA,0.0148,"S",11.04,24,3.1,"HKDT",45,"80","","","yes",2.17391304347826,"5-10"
"432","19-Jul-25","Zackenberg",7.6,"wolf_spider","z719-s03",NA,0.0064,"S",18.04,25,3.1,"HKDT",NA,NA,"escaped","","yes",1.38580931263858,"5-10"
"433","19-Jul-25","Zackenberg",5.8,"wolf_spider","z719-s35",NA,0.023,"S",11.03,25,3.1,"HKDT",45,"185","","","yes",2.26654578422484,"5-10"
"434","19-Jul-25","Zackenberg",4.8,"wolf_spider","z719-s38",NA,0.0168,"S",21.11,23,3.1,"HKDT",45,"78","","","yes",1.08953102794884,"0-5"
"435","19-Jul-25","Zackenberg",4.8,"wolf_spider","z719-s78",NA,0.0177,"S",18.11,8,3.1,"HKDT",45,"189","","","yes",0.441744892324683,"0-5"
"436","19-Jul-25","Zackenberg",3.8,"wolf_spider","z719-s48",NA,0.0164,"S",5.84,2,3.1,"HKDT",45,"37","","","yes",0.342465753424658,"0-5"
"437","19-Jul-25","Zackenberg",15.3,"wolf_spider","z719-s111",NA,0.0208,"S",1.85,5,30,"HKDT",45,"902","","","yes",2.7027027027027,"15-20"
"438","19-Jul-25","Zackenberg",11.8,"wolf_spider","Z719-S81",NA,0.0189,"S",5.42,25,30,"HKDT",45,"198","","","yes",4.61254612546125,"10-15"
"439","19-Jul-25","Zackenberg",12.2,"wolf_spider","z719-s131",NA,0.0081,"S",11.46,27,30,"HKDT",45,"1424","","","yes",2.35602094240838,"10-15"
"440","19-Jul-25","Zackenberg",11.9,"wolf_spider","z719-s74",NA,0.0218,"S",3.34,9,30,"HKDT",45,"867","","","yes",2.69461077844311,"10-15"
"441","19-Jul-25","Zackenberg",12.1,"wolf_spider","z719-s23",NA,0.0333,"S",4.98,8,30,"HKDT",45,"244","","","yes",1.60642570281124,"10-15"
"442","19-Jul-25","Zackenberg",9.8,"muscids","z719-m82",NA,0.0043,"S",4.52,3,NA,"",NA,"","","","yes",0.663716814159292,"5-10"
"443","19-Jul-25","Zackenberg",9.8,"muscids","z719-m75",NA,0.0031,"S",8.01,9,NA,"",NA,"","","","yes",1.12359550561798,"5-10"
"444","19-Jul-25","Zackenberg",9,"muscids","z719-m112",NA,0.0022,"S",16.78,8,NA,"",NA,"","","","yes",0.476758045292014,"5-10"
"445","19-Jul-25","Zackenberg",10.8,"muscids","z719-m120",NA,0.0016,"S",1.8,5,NA,"",NA,"","","","yes",2.77777777777778,"10-15"
"446","19-Jul-25","Zackenberg",24.2,"muscids","z719-m10",NA,0.0023,"S",42.83,14,NA,"",NA,"","","","yes",0.326873686668223,"20-25"
"447","19-Jul-25","Zackenberg",24.3,"muscids","z719-m92",NA,0.0024,"S",14.3,6,NA,"",NA,"","","","yes",0.41958041958042,"20-25"
"448","19-Jul-25","Zackenberg",24.6,"muscids","z719-m91",NA,0.0046,"S",8.2,9,NA,"",NA,"","","","yes",1.09756097560976,"20-25"
"449","19-Jul-25","Zackenberg",24.5,"muscids","z719-m103",NA,0.0025,"S",8.51,9,NA,"",NA,"","","","yes",1.05757931844888,"20-25"
"450","19-Jul-25","Zackenberg",24.8,"muscids","z719-m21",NA,NA,NA,6.46,9,NA,"",NA,"","","","yes",1.39318885448916,"20-25"
"451","19-Jul-25","Zackenberg",24.9,"wolf_spider","z719-s05",NA,0.0195,"S",8.23,25,30,"HKDT",45,"566","","","yes",3.03766707168894,"20-25"
"452","19-Jul-25","Zackenberg",25.1,"wolf_spider","z719-s08",NA,NA,NA,5.57,25,30,"HKDT",45,"580","","","yes",4.48833034111311,"25-30"
"453","19-Jul-25","Zackenberg",25.6,"wolf_spider","z719-s104",NA,0.0257,"S",5.67,25,30,"HKDT",45,"301","","","yes",4.40917107583774,"25-30"
"454","22-Jul-25","Zackenberg",32.3,"wolf_spider","Z722-S77",NA,0.0104,"S",4.28,19,3.1,"HKDT",45,"1020","caught 2-3 days ago","","yes",4.4392523364486,"30-35"
"455","22-Jul-25","Zackenberg",33,"wolf_spider","Z722-S18",NA,0.0183,"S",7.08,20,30,"HKDT",45,"214","caught 2-3 days ago","","yes",2.82485875706215,"30-35"
"456","22-Jul-25","Zackenberg",32.8,"wolf_spider","Z722-S03",NA,0.0182,"S",2,9,3.1,"HKDT",44,"250","caught 2-3 days ago","","yes",4.5,"30-35"
"457","22-Jul-25","Zackenberg",34.2,"wolf_spider","Z722-S13",NA,0.02,"S",7.02,20,3.1,"HKDT",44,"111","caught 2-3 days ago","","yes",2.84900284900285,"30-35"
"458","22-Jul-25","Zackenberg",34.4,"wolf_spider","Z722-S130",NA,0.0103,"S",5.31,20,3.1,"HKDT",44,"530","caught 2-3 days ago","","yes",3.76647834274953,"30-35"
"459","22-Jul-25","Zackenberg",40,"wolf_spider","z722-s16",NA,0.0059,"S",2.01,20,3.1,"HKDT",43,">1800","","","yes",9.95024875621891,"40-45"
"460","22-Jul-25","Zackenberg",44.9,"wolf_spider","z722-s101",NA,0.025,"S",7.87,95,3.1,"HKDT",43,"492","","","yes",12.0711562897078,"40-45"
"461","22-Jul-25","Zackenberg",44.7,"wolf_spider","z722-s150",NA,0.0192,"S",2.54,38,3.1,"HKDT",43,"456","","","yes",14.9606299212598,"40-45"
"462","22-Jul-25","Zackenberg",44.3,"wolf_spider","z722-s49",NA,0.0227,"S",3.39,19,3.1,"HKDT",43,"657","","","yes",5.6047197640118,"40-45"
"463","22-Jul-25","Zackenberg",42.9,"wolf_spider","z722-s102",NA,0.035,"S",2.73,38,3.1,"HKDT",43,"80","5-min acclimation in chamber","","yes",13.9194139194139,"40-45"
"464","22-Jul-25","Zackenberg",43.8,"wolf_spider","z722-s140",NA,0.0223,"S",4.88,57,3.1,"HKDT",44,"561","5-min acclimation in chamber","","yes",11.6803278688525,"40-45"
"465","22-Jul-25","Zackenberg",44.1,"wolf_spider","z722-s09",NA,0.0273,"S",3.02,21,3.1,"HKDT",44,"211","","","yes",6.95364238410596,"40-45"
"466","23-Jul-25","Zackenberg",23.3,"muscids","z723-m40",NA,0.0089,"S",13.6,9,3.1,"HKDT",35.5,"980","","","yes",0.661764705882353,"20-25"
"467","23-Jul-25","Zackenberg",23.6,"muscids","z723-m34",NA,0.0059,"S",8.82,7,3.1,"HKDT",35.5,"800","","","yes",0.793650793650794,"20-25"
"468","23-Jul-25","Zackenberg",23.6,"muscids","z723-m114",NA,0.0026,"S",25.06,13,3.1,"HKDT",35.5,"410","","","yes",0.518754988028731,"20-25"
"469","23-Jul-25","Zackenberg",22.7,"muscids","z723-m29",NA,0.0051,"S",8.49,5,3.1,"HKDT",35.5,"234","","","yes",0.588928150765607,"20-25"
"470","23-Jul-25","Zackenberg",24.2,"muscids","z723-m105",NA,0.0048,"S",43.77,5,3.1,"HKDT",35.5,"469","","","yes",0.114233493260224,"20-25"
"471","23-Jul-25","Zackenberg",22.8,"wolf_spider","z723-s73",NA,0.0332,"S",3.28,20,3.1,"HKDT",45.5,"406","","","yes",6.09756097560976,"20-25"
"472","23-Jul-25","Zackenberg",22.8,"wolf_spider","z723-s52",NA,0.0208,"S",10.06,20,3.1,"HKDT",45.5,"413","","","yes",1.98807157057654,"20-25"
"473","23-Jul-25","Zackenberg",23,"wolf_spider","z723-s22",NA,0.0061,"S",1.36,3,3.1,"HKDT",45.5,"256","","","yes",2.20588235294118,"20-25"
"474","23-Jul-25","Zackenberg",22.4,"wolf_spider","z723-s83",NA,0.0151,"S",8.84,18,3.1,"HKDT",45.5,"90","","","yes",2.03619909502262,"20-25"
"475","23-Jul-25","Zackenberg",22.4,"wolf_spider","z723-s90",NA,0.0112,"S",3.09,18,3.1,"HKDT",45.5,"273","","","yes",5.8252427184466,"20-25"
"476","23-Jul-25","Zackenberg",36.7,"muscids","z723-m21",NA,0.0014,"S",1.78,2,NA,"",NA,"","died in acclimation","","yes",1.12359550561798,"35-40"
"477","23-Jul-25","Zackenberg",34.7,"muscids","z723-m100",NA,0.0027,"S",NA,0,NA,"",NA,"","died in acclimation","","no",NA,"30-35"
"478","23-Jul-25","Zackenberg",35.3,"muscids","z723-m15",NA,0.0038,"S",16.87,19,30,"HKDT",38,">1800","","","yes",1.1262596324837,"35-40"
"479","23-Jul-25","Zackenberg",35.1,"muscids","z723-m36",NA,0.0016,"S",26.83,13,NA,"",NA,"","died in acclimation","","yes",0.484532240029817,"35-40"
"480","23-Jul-25","Zackenberg",32.9,"wolf_spider","z723-s24",NA,0.0291,"S",9.04,20,30,"HKDT",45,"201","","","yes",2.21238938053097,"30-35"
"481","23-Jul-25","Zackenberg",24.8,"wolf_spider","z723-s04",NA,0.02,"S",5.26,17,30,"HKDT",45,"109","","","yes",3.2319391634981,"20-25"
"482","23-Jul-25","Zackenberg",26.7,"wolf_spider","z723-s25",NA,0.0109,"S",7,9,30,"HKDT",45,"319","","","yes",1.28571428571429,"25-30"
"483","23-Jul-25","Zackenberg",25.8,"wolf_spider","z723-s76",NA,0.0117,"S",1,5,30,"HKDT",45,"76","","","yes",5,"25-30"
"484","23-Jul-25","Zackenberg",25.2,"wolf_spider","z723-s12",NA,0.0096,"S",2.1,2,30,"HKDT",45,"244","","","yes",0.952380952380952,"25-30"
"485","24-Jul-25","Zackenberg",29.1,"muscids","z724-m41",NA,0.0088,"S",10,9,32,"HKDT",37,">1800","","","yes",0.9,"25-30"
"486","24-Jul-25","Zackenberg",27.8,"muscids","z724-m48",NA,0.0085,"S",4.74,8,32,"HKDT",37,">1800","","","yes",1.68776371308017,"25-30"
"487","24-Jul-25","Zackenberg",28.6,"muscids","z724-m13",NA,0.0058,"S",12.59,18.5,15,"HKDT",38,"241","","","yes",1.46942017474186,"25-30"
"488","24-Jul-25","Zackenberg",31.1,"muscids","z724-m44",NA,0.0026,"S",15.91,13,32,"HKDT",37,"61","","","yes",0.817096165933375,"30-35"
"489","24-Jul-25","Zackenberg",31.4,"muscids","z724-m75",NA,0.0044,"S",4.44,5,32,"HKDT",37,"1228","","","yes",1.12612612612613,"30-35"
"490","24-Jul-25","Zackenberg",35.8,"muscids","z724-m25",NA,0.0039,"S",34.3,7,30,"HKDT",37,"319","","","yes",0.204081632653061,"35-40"
"491","24-Jul-25","Zackenberg",35.9,"muscids","z724-m101",NA,0.0021,"S",18.29,11,NA,"",NA,"","","","yes",0.601421541826134,"35-40"
"492","24-Jul-25","Zackenberg",36.3,"muscids","z724-m02",NA,0.0056,"S",10.39,14,32,"HKDT",37,"380","","","yes",1.34744947064485,"35-40"
"493","24-Jul-25","Zackenberg",36.8,"muscids","z724-m20",NA,0.0067,"S",14.37,10,32,"HKDT",37,"528","","","yes",0.69589422407794,"35-40"
"494","24-Jul-25","Zackenberg",19.4,"muscids","z724-m140",NA,0.0044,"S",1.54,1,30,"HKDT",37,"798","","","yes",0.649350649350649,"15-20"
"495","24-Jul-25","Zackenberg",18.8,"muscids","z724-m102",NA,0.0069,"S",49.53,15,30,"HKDT",37,"1162","","","yes",0.302846759539673,"15-20"
"496","24-Jul-25","Zackenberg",18.6,"muscids","z724-m106",NA,0.0046,"S",0.87,1,30,"HKDT",37,"308","","","yes",1.14942528735632,"15-20"
"497","24-Jul-25","Zackenberg",17.6,"muscids","z724-m92",NA,0.0022,"S",1.01,1,30,"HKDT",37,"1255","","","yes",0.99009900990099,"15-20"
"498","24-Jul-25","Zackenberg",22.9,"muscids","z724-m49",NA,0.0062,"S",4,4,30,"HKDT",37,">1800","","","yes",1,"20-25"
"499","24-Jul-25","Zackenberg",22.7,"muscids","z724-m80",NA,0.0013,"S",16.36,10,30,"HKDT",37,"81","","","yes",0.611246943765281,"20-25"
"500","24-Jul-25","Zackenberg",23.2,"muscids","z724-m10",NA,0.0053,"S",4.8,5,30,"HKDT",37,"1059","","","yes",1.04166666666667,"20-25"
"501","24-Jul-25","Zackenberg",23.2,"muscids","z724-m09",NA,0.003,"S",1.52,3,30,"HKDT",37,">1800","","","yes",1.97368421052632,"20-25"
"502","25-Jul-25","Zackenberg",29.6,"craneflies","z725-c1",NA,0.0187,"S",39.78,28,3.1,"HKDT",35,">6000","baited with sugar water, 24h acclimation in cold","","yes",0.703871292106586,"25-30"
"503","25-Jul-25","Zackenberg",34.9,"craneflies","z725-c2",NA,0.0688,"L",15.88,28,3.1,"HKDT",35,">6000","baited with sugar water, 24h acclimation in cold","","yes",1.7632241813602,"30-35"
"504","25-Jul-25","Zackenberg",32.1,"craneflies","z725-c3",NA,0.0429,"L",5.21,2,3.1,"HKDT",35,">6000","needed constant stimulation, 24h acclimation in cold","","yes",0.383877159309021,"30-35"
"505","25-Jul-25","Zackenberg",33.1,"mosquito","z725-05",NA,8e-04,"S",31.34,18,NA,"",NA,"","baited with sugar water","","yes",0.574345883854499,"30-35"
"506","25-Jul-25","Zackenberg",31.1,"mosquito","z725-o22",NA,NA,NA,67.22,19,3.1,"HKDT",35,"120","baited with sugar water","","yes",0.282653972032133,"30-35"
"507","25-Jul-25","Zackenberg",30.2,"mosquito","z725-025",NA,NA,NA,4.52,3.5,3.1,"HKDT",35,"1137","baited with sugar water","","yes",0.774336283185841,"30-35"
"508","25-Jul-25","Zackenberg",32.3,"mosquito","z725-o48",NA,NA,NA,5.86,4,3.1,"HKDT",35,"652","baited with sugar water","","yes",0.68259385665529,"30-35"
"509","25-Jul-25","Zackenberg",32.6,"mosquito","z725-o74",NA,NA,NA,61.76,28,3.1,"HKDT",35,"2066","baited with sugar water","","yes",0.453367875647668,"30-35"
"510","25-Jul-25","Zackenberg",42.3,"wolf_spider","z725-s73",NA,0.0212,"S",37,75,NA,"",NA,"","18","","yes",2.02702702702703,"40-45"
"511","25-Jul-25","Zackenberg",43.2,"wolf_spider","z725-s109",NA,NA,NA,6.48,25,NA,"",NA,"","","","yes",3.85802469135802,"40-45"
"512","25-Jul-25","Zackenberg",42,"wolf_spider","z725-s20",NA,0.0083,"S",5.17,25,NA,"",NA,"","","","yes",4.83558994197292,"40-45"
"513","26-Jul-25","Zackenberg",38.1,"muscids","Z725-m52",NA,0.0026,"S",1.41,2,NA,"",NA,"","","","yes",1.41843971631206,"35-40"
"514","26-Jul-25","Zackenberg",37.4,"muscids","z725-m101",NA,0.0045,"S",1.85,2,NA,"",NA,"","","","yes",1.08108108108108,"35-40"
"515","26-Jul-25","Zackenberg",37.6,"muscids","z725-m105",NA,0.0082,"S",14.38,13,NA,"",NA,"","","","yes",0.904033379694019,"35-40"
"516","26-Jul-25","Zackenberg",38.4,"muscids","z725-m107",NA,0.0026,"S",11.67,15,NA,"",NA,"","","","yes",1.2853470437018,"35-40"
"517","26-Jul-25","Zackenberg",27.4,"muscids","z726-m150",NA,NA,NA,13.96,13,NA,"",NA,"","","","yes",0.931232091690544,"25-30"
"518","26-Jul-25","Zackenberg",27.3,"muscids","z726-m25",NA,NA,NA,3.67,3.5,NA,"",NA,"","","","yes",0.953678474114441,"25-30"
"519","26-Jul-25","Zackenberg",28.7,"muscids","z726-m02",NA,NA,NA,1.97,2,NA,"",NA,"","","","yes",1.01522842639594,"25-30"
"520","26-Jul-25","Zackenberg",27.4,"muscids","z726-m117",NA,NA,NA,11.97,18.5,NA,"",NA,"","","","yes",1.54553049289891,"25-30"
"521","26-Jul-25","Zackenberg",29.4,"muscids","z726-m90",NA,NA,NA,3.22,4,NA,"",NA,"","","","yes",1.24223602484472,"25-30"
"522","26-Jul-25","Zackenberg",29.7,"muscids","z726-m29",NA,NA,NA,8.57,10.5,NA,"",NA,"","","","yes",1.22520420070012,"25-30"
"523","26-Jul-25","Zackenberg",29.4,"muscids","z726-m112",NA,NA,NA,1.43,3,NA,"",NA,"","","","yes",2.0979020979021,"25-30"
"524","26-Jul-25","Zackenberg",27.7,"muscids","z726-m40",NA,NA,NA,2.19,3,NA,"",NA,"","","","yes",1.36986301369863,"25-30"
"525","26-Jul-25","Zackenberg",31.1,"wolf_spider","z726-s115",NA,NA,NA,4.15,25,NA,"",NA,"","","","yes",6.02409638554217,"30-35"
"526","26-Jul-25","Zackenberg",28.9,"wolf_spider","z726-s41",NA,NA,NA,3.44,15,NA,"",NA,"","","","yes",4.36046511627907,"25-30"
"527","26-Jul-25","Zackenberg",28.3,"wolf_spider","z726-s15",NA,NA,NA,5.33,25,NA,"",NA,"","","","yes",4.69043151969981,"25-30"
"528","26-Jul-25","Zackenberg",28,"wolf_spider","z726-s53",NA,NA,NA,4.8,25,NA,"",NA,"","","","yes",5.20833333333333,"25-30"
"529","26-Jul-25","Zackenberg",27.6,"wolf_spider","z726-s12",NA,NA,NA,3.6,25,NA,"",NA,"","","","yes",6.94444444444444,"25-30"
"530","26-Jul-25","Zackenberg",27.5,"wolf_spider","z726-s113",NA,NA,NA,1.91,25,NA,"",NA,"","","","yes",13.0890052356021,"25-30"
"531","26-Jul-25","Zackenberg",10.9,"muscids","z726-m01",NA,NA,NA,1.15,1,NA,"",NA,"","","","yes",0.869565217391304,"10-15"
"532","26-Jul-25","Zackenberg",12.9,"muscids","z726-m120",NA,NA,NA,2.94,3,NA,"",NA,"","","","yes",1.02040816326531,"10-15"
"533","26-Jul-25","Zackenberg",9.6,"muscids","z726-m08",NA,NA,NA,29.64,16,NA,"",NA,"","","","yes",0.539811066126856,"5-10"
"534","26-Jul-25","Zackenberg",11.1,"muscids","z726-m18",NA,NA,NA,3.85,1,NA,"",NA,"","","","yes",0.25974025974026,"10-15"
"535","26-Jul-25","Zackenberg",3.9,"muscids","z726-m75",NA,NA,NA,4.16,1,NA,"",NA,"","","","yes",0.240384615384615,"0-5"
"536","26-Jul-25","Zackenberg",4.5,"muscids","z726-m03",NA,NA,NA,4.87,4,NA,"",NA,"","","","yes",0.82135523613963,"0-5"
